id,name,type,campaignId,campaignName,folderId,ownerEmail,socialAccounts,storageKey,url,createdAt
6a3f9d5e8ca73a5d8b45f284,207.mp4,video,6a339629c83cd92b28887889,Diagnose it,,rajivranjan0013@gmail.com,,users/6a31cf989801f82f3d1633bc/folders/6a3f9d118ca73a5d8b45efba/media/6a3f9d5e8ca73a5d8b45f284/original.mp4,https://media.theeasypost.com/users/6a31cf989801f82f3d1633bc/folders/6a3f9d118ca73a5d8b45efba/media/6a3f9d5e8ca73a5d8b45f284/original.mp4,2026-06-27T09:52:32.690Z
6a3f9d5d8ca73a5d8b45f281,213.mp4,video,6a339629c83cd92b28887889,Diagnose it,,rajivranjan0013@gmail.com,,users/6a31cf989801f82f3d1633bc/folders/6a3f9d118ca73a5d8b45efba/media/6a3f9d5d8ca73a5d8b45f281/original.mp4,https://media.theeasypost.com/users/6a31cf989801f82f3d1633bc/folders/6a3f9d118ca73a5d8b45efba/media/6a3f9d5d8ca73a5d8b45f281/original.mp4,2026-06-27T09:52:32.302Z
6a3f9d5d8ca73a5d8b45f280,171.mp4,video,6a339629c83cd92b28887889,Diagnose it,,rajivranjan0013@gmail.com,,users/6a31cf989801f82f3d1633bc/folders/6a3f9d118ca73a5d8b45efba/media/6a3f9d5d8ca73a5d8b45f280/original.mp4,https://media.theeasypost.com/users/6a31cf989801f82f3d1633bc/folders/6a3f9d118ca73a5d8b45efba/media/6a3f9d5d8ca73a5d8b45f280/original.mp4,2026-06-27T09:52:31.955Z
6a3f9d5c8ca73a5d8b45f27b,159.mp4,video,6a339629c83cd92b28887889,Diagnose it,,rajivranjan0013@gmail.com,,users/6a31cf989801f82f3d1633bc/folders/6a3f9d118ca73a5d8b45efba/media/6a3f9d5c8ca73a5d8b45f27b/original.mp4,https://media.theeasypost.com/users/6a31cf989801f82f3d1633bc/folders/6a3f9d118ca73a5d8b45efba/media/6a3f9d5c8ca73a5d8b45f27b/original.mp4,2026-06-27T09:52:31.947Z
6a3f9d5d8ca73a5d8b45f27e,165.mp4,video,6a339629c83cd92b28887889,Diagnose it,,rajivranjan0013@gmail.com,,users/6a31cf989801f82f3d1633bc/folders/6a3f9d118ca73a5d8b45efba/media/6a3f9d5d8ca73a5d8b45f27e/original.mp4,https://media.theeasypost.com/users/6a31cf989801f82f3d1633bc/folders/6a3f9d118ca73a5d8b45efba/media/6a3f9d5d8ca73a5d8b45f27e/original.mp4,2026-06-27T09:52:31.609Z
6a3f9d5c8ca73a5d8b45f274,64.mp4,video,6a339629c83cd92b28887889,Diagnose it,,rajivranjan0013@gmail.com,,users/6a31cf989801f82f3d1633bc/folders/6a3f9d118ca73a5d8b45efba/media/6a3f9d5c8ca73a5d8b45f274/original.mp4,https://media.theeasypost.com/users/6a31cf989801f82f3d1633bc/folders/6a3f9d118ca73a5d8b45efba/media/6a3f9d5c8ca73a5d8b45f274/original.mp4,2026-06-27T09:52:31.199Z
6a3f9d5c8ca73a5d8b45f277,70.mp4,video,6a339629c83cd92b28887889,Diagnose it,,rajivranjan0013@gmail.com,,users/6a31cf989801f82f3d1633bc/folders/6a3f9d118ca73a5d8b45efba/media/6a3f9d5c8ca73a5d8b45f277/original.mp4,https://media.theeasypost.com/users/6a31cf989801f82f3d1633bc/folders/6a3f9d118ca73a5d8b45efba/media/6a3f9d5c8ca73a5d8b45f277/original.mp4,2026-06-27T09:52:31.137Z
6a3f9d5c8ca73a5d8b45f276,65.mp4,video,6a339629c83cd92b28887889,Diagnose it,,rajivranjan0013@gmail.com,,users/6a31cf989801f82f3d1633bc/folders/6a3f9d118ca73a5d8b45efba/media/6a3f9d5c8ca73a5d8b45f276/original.mp4,https://media.theeasypost.com/users/6a31cf989801f82f3d1633bc/folders/6a3f9d118ca73a5d8b45efba/media/6a3f9d5c8ca73a5d8b45f276/original.mp4,2026-06-27T09:52:31.118Z
6a3f9d5c8ca73a5d8b45f278,58.mp4,video,6a339629c83cd92b28887889,Diagnose it,,rajivranjan0013@gmail.com,,users/6a31cf989801f82f3d1633bc/folders/6a3f9d118ca73a5d8b45efba/media/6a3f9d5c8ca73a5d8b45f278/original.mp4,https://media.theeasypost.com/users/6a31cf989801f82f3d1633bc/folders/6a3f9d118ca73a5d8b45efba/media/6a3f9d5c8ca73a5d8b45f278/original.mp4,2026-06-27T09:52:30.967Z
6a3f9d5b8ca73a5d8b45f270,59.mp4,video,6a339629c83cd92b28887889,Diagnose it,,rajivranjan0013@gmail.com,,users/6a31cf989801f82f3d1633bc/folders/6a3f9d118ca73a5d8b45efba/media/6a3f9d5b8ca73a5d8b45f270/original.mp4,https://media.theeasypost.com/users/6a31cf989801f82f3d1633bc/folders/6a3f9d118ca73a5d8b45efba/media/6a3f9d5b8ca73a5d8b45f270/original.mp4,2026-06-27T09:52:30.918Z
6a3f9d5c8ca73a5d8b45f275,366.mp4,video,6a339629c83cd92b28887889,Diagnose it,,rajivranjan0013@gmail.com,,users/6a31cf989801f82f3d1633bc/folders/6a3f9d118ca73a5d8b45efba/media/6a3f9d5c8ca73a5d8b45f275/original.mp4,https://media.theeasypost.com/users/6a31cf989801f82f3d1633bc/folders/6a3f9d118ca73a5d8b45efba/media/6a3f9d5c8ca73a5d8b45f275/original.mp4,2026-06-27T09:52:30.742Z
6a3f9d5b8ca73a5d8b45f271,71.mp4,video,6a339629c83cd92b28887889,Diagnose it,,rajivranjan0013@gmail.com,,users/6a31cf989801f82f3d1633bc/folders/6a3f9d118ca73a5d8b45efba/media/6a3f9d5b8ca73a5d8b45f271/original.mp4,https://media.theeasypost.com/users/6a31cf989801f82f3d1633bc/folders/6a3f9d118ca73a5d8b45efba/media/6a3f9d5b8ca73a5d8b45f271/original.mp4,2026-06-27T09:52:30.691Z
6a3f9d5b8ca73a5d8b45f26f,158.mp4,video,6a339629c83cd92b28887889,Diagnose it,,rajivranjan0013@gmail.com,,users/6a31cf989801f82f3d1633bc/folders/6a3f9d118ca73a5d8b45efba/media/6a3f9d5b8ca73a5d8b45f26f/original.mp4,https://media.theeasypost.com/users/6a31cf989801f82f3d1633bc/folders/6a3f9d118ca73a5d8b45efba/media/6a3f9d5b8ca73a5d8b45f26f/original.mp4,2026-06-27T09:52:30.350Z
6a3f9d5a8ca73a5d8b45f261,238.mp4,video,6a339629c83cd92b28887889,Diagnose it,,rajivranjan0013@gmail.com,,users/6a31cf989801f82f3d1633bc/folders/6a3f9d118ca73a5d8b45efba/media/6a3f9d5a8ca73a5d8b45f261/original.mp4,https://media.theeasypost.com/users/6a31cf989801f82f3d1633bc/folders/6a3f9d118ca73a5d8b45efba/media/6a3f9d5a8ca73a5d8b45f261/original.mp4,2026-06-27T09:52:30.332Z
6a3f9d5a8ca73a5d8b45f26a,170.mp4,video,6a339629c83cd92b28887889,Diagnose it,,rajivranjan0013@gmail.com,,users/6a31cf989801f82f3d1633bc/folders/6a3f9d118ca73a5d8b45efba/media/6a3f9d5a8ca73a5d8b45f26a/original.mp4,https://media.theeasypost.com/users/6a31cf989801f82f3d1633bc/folders/6a3f9d118ca73a5d8b45efba/media/6a3f9d5a8ca73a5d8b45f26a/original.mp4,2026-06-27T09:52:30.304Z
6a3f9d5a8ca73a5d8b45f265,212.mp4,video,6a339629c83cd92b28887889,Diagnose it,,rajivranjan0013@gmail.com,,users/6a31cf989801f82f3d1633bc/folders/6a3f9d118ca73a5d8b45efba/media/6a3f9d5a8ca73a5d8b45f265/original.mp4,https://media.theeasypost.com/users/6a31cf989801f82f3d1633bc/folders/6a3f9d118ca73a5d8b45efba/media/6a3f9d5a8ca73a5d8b45f265/original.mp4,2026-06-27T09:52:30.269Z
6a3f9d5a8ca73a5d8b45f269,164.mp4,video,6a339629c83cd92b28887889,Diagnose it,,rajivranjan0013@gmail.com,,users/6a31cf989801f82f3d1633bc/folders/6a3f9d118ca73a5d8b45efba/media/6a3f9d5a8ca73a5d8b45f269/original.mp4,https://media.theeasypost.com/users/6a31cf989801f82f3d1633bc/folders/6a3f9d118ca73a5d8b45efba/media/6a3f9d5a8ca73a5d8b45f269/original.mp4,2026-06-27T09:52:29.683Z
6a3f9d5a8ca73a5d8b45f262,206.mp4,video,6a339629c83cd92b28887889,Diagnose it,,rajivranjan0013@gmail.com,,users/6a31cf989801f82f3d1633bc/folders/6a3f9d118ca73a5d8b45efba/media/6a3f9d5a8ca73a5d8b45f262/original.mp4,https://media.theeasypost.com/users/6a31cf989801f82f3d1633bc/folders/6a3f9d118ca73a5d8b45efba/media/6a3f9d5a8ca73a5d8b45f262/original.mp4,2026-06-27T09:52:29.257Z
6a3f9d5a8ca73a5d8b45f260,166.mp4,video,6a339629c83cd92b28887889,Diagnose it,,rajivranjan0013@gmail.com,,users/6a31cf989801f82f3d1633bc/folders/6a3f9d118ca73a5d8b45efba/media/6a3f9d5a8ca73a5d8b45f260/original.mp4,https://media.theeasypost.com/users/6a31cf989801f82f3d1633bc/folders/6a3f9d118ca73a5d8b45efba/media/6a3f9d5a8ca73a5d8b45f260/original.mp4,2026-06-27T09:52:29.195Z
6a3f9d5a8ca73a5d8b45f263,210.mp4,video,6a339629c83cd92b28887889,Diagnose it,,rajivranjan0013@gmail.com,,users/6a31cf989801f82f3d1633bc/folders/6a3f9d118ca73a5d8b45efba/media/6a3f9d5a8ca73a5d8b45f263/original.mp4,https://media.theeasypost.com/users/6a31cf989801f82f3d1633bc/folders/6a3f9d118ca73a5d8b45efba/media/6a3f9d5a8ca73a5d8b45f263/original.mp4,2026-06-27T09:52:28.770Z
6a3f9d5a8ca73a5d8b45f25f,204.mp4,video,6a339629c83cd92b28887889,Diagnose it,,rajivranjan0013@gmail.com,,users/6a31cf989801f82f3d1633bc/folders/6a3f9d118ca73a5d8b45efba/media/6a3f9d5a8ca73a5d8b45f25f/original.mp4,https://media.theeasypost.com/users/6a31cf989801f82f3d1633bc/folders/6a3f9d118ca73a5d8b45efba/media/6a3f9d5a8ca73a5d8b45f25f/original.mp4,2026-06-27T09:52:28.725Z
6a3f9d598ca73a5d8b45f25c,98.mp4,video,6a339629c83cd92b28887889,Diagnose it,,rajivranjan0013@gmail.com,,users/6a31cf989801f82f3d1633bc/folders/6a3f9d118ca73a5d8b45efba/media/6a3f9d598ca73a5d8b45f25c/original.mp4,https://media.theeasypost.com/users/6a31cf989801f82f3d1633bc/folders/6a3f9d118ca73a5d8b45efba/media/6a3f9d598ca73a5d8b45f25c/original.mp4,2026-06-27T09:52:28.241Z
6a3f9d598ca73a5d8b45f254,9.mp4,video,6a339629c83cd92b28887889,Diagnose it,,rajivranjan0013@gmail.com,,users/6a31cf989801f82f3d1633bc/folders/6a3f9d118ca73a5d8b45efba/media/6a3f9d598ca73a5d8b45f254/original.mp4,https://media.theeasypost.com/users/6a31cf989801f82f3d1633bc/folders/6a3f9d118ca73a5d8b45efba/media/6a3f9d598ca73a5d8b45f254/original.mp4,2026-06-27T09:52:28.185Z
6a3f9d598ca73a5d8b45f258,172.mp4,video,6a339629c83cd92b28887889,Diagnose it,,rajivranjan0013@gmail.com,,users/6a31cf989801f82f3d1633bc/folders/6a3f9d118ca73a5d8b45efba/media/6a3f9d598ca73a5d8b45f258/original.mp4,https://media.theeasypost.com/users/6a31cf989801f82f3d1633bc/folders/6a3f9d118ca73a5d8b45efba/media/6a3f9d598ca73a5d8b45f258/original.mp4,2026-06-27T09:52:27.716Z
6a3f9d588ca73a5d8b45f250,199.mp4,video,6a339629c83cd92b28887889,Diagnose it,,rajivranjan0013@gmail.com,,users/6a31cf989801f82f3d1633bc/folders/6a3f9d118ca73a5d8b45efba/media/6a3f9d588ca73a5d8b45f250/original.mp4,https://media.theeasypost.com/users/6a31cf989801f82f3d1633bc/folders/6a3f9d118ca73a5d8b45efba/media/6a3f9d588ca73a5d8b45f250/original.mp4,2026-06-27T09:52:27.244Z
6a3f9d588ca73a5d8b45f251,73.mp4,video,6a339629c83cd92b28887889,Diagnose it,,rajivranjan0013@gmail.com,,users/6a31cf989801f82f3d1633bc/folders/6a3f9d118ca73a5d8b45efba/media/6a3f9d588ca73a5d8b45f251/original.mp4,https://media.theeasypost.com/users/6a31cf989801f82f3d1633bc/folders/6a3f9d118ca73a5d8b45efba/media/6a3f9d588ca73a5d8b45f251/original.mp4,2026-06-27T09:52:27.224Z
6a3f9d588ca73a5d8b45f24f,67.mp4,video,6a339629c83cd92b28887889,Diagnose it,,rajivranjan0013@gmail.com,,users/6a31cf989801f82f3d1633bc/folders/6a3f9d118ca73a5d8b45efba/media/6a3f9d588ca73a5d8b45f24f/original.mp4,https://media.theeasypost.com/users/6a31cf989801f82f3d1633bc/folders/6a3f9d118ca73a5d8b45efba/media/6a3f9d588ca73a5d8b45f24f/original.mp4,2026-06-27T09:52:26.847Z
6a3f9d578ca73a5d8b45f24a,359.mp4,video,6a339629c83cd92b28887889,Diagnose it,,rajivranjan0013@gmail.com,,users/6a31cf989801f82f3d1633bc/folders/6a3f9d118ca73a5d8b45efba/media/6a3f9d578ca73a5d8b45f24a/original.mp4,https://media.theeasypost.com/users/6a31cf989801f82f3d1633bc/folders/6a3f9d118ca73a5d8b45efba/media/6a3f9d578ca73a5d8b45f24a/original.mp4,2026-06-27T09:52:26.739Z
6a3f9d578ca73a5d8b45f24c,364.mp4,video,6a339629c83cd92b28887889,Diagnose it,,rajivranjan0013@gmail.com,,users/6a31cf989801f82f3d1633bc/folders/6a3f9d118ca73a5d8b45efba/media/6a3f9d578ca73a5d8b45f24c/original.mp4,https://media.theeasypost.com/users/6a31cf989801f82f3d1633bc/folders/6a3f9d118ca73a5d8b45efba/media/6a3f9d578ca73a5d8b45f24c/original.mp4,2026-06-27T09:52:26.713Z
6a3f9d578ca73a5d8b45f24b,358.mp4,video,6a339629c83cd92b28887889,Diagnose it,,rajivranjan0013@gmail.com,,users/6a31cf989801f82f3d1633bc/folders/6a3f9d118ca73a5d8b45efba/media/6a3f9d578ca73a5d8b45f24b/original.mp4,https://media.theeasypost.com/users/6a31cf989801f82f3d1633bc/folders/6a3f9d118ca73a5d8b45efba/media/6a3f9d578ca73a5d8b45f24b/original.mp4,2026-06-27T09:52:26.684Z
6a3f9d578ca73a5d8b45f246,72.mp4,video,6a339629c83cd92b28887889,Diagnose it,,rajivranjan0013@gmail.com,,users/6a31cf989801f82f3d1633bc/folders/6a3f9d118ca73a5d8b45efba/media/6a3f9d578ca73a5d8b45f246/original.mp4,https://media.theeasypost.com/users/6a31cf989801f82f3d1633bc/folders/6a3f9d118ca73a5d8b45efba/media/6a3f9d578ca73a5d8b45f246/original.mp4,2026-06-27T09:52:26.505Z
6a3f9d578ca73a5d8b45f247,198.mp4,video,6a339629c83cd92b28887889,Diagnose it,,rajivranjan0013@gmail.com,,users/6a31cf989801f82f3d1633bc/folders/6a3f9d118ca73a5d8b45efba/media/6a3f9d578ca73a5d8b45f247/original.mp4,https://media.theeasypost.com/users/6a31cf989801f82f3d1633bc/folders/6a3f9d118ca73a5d8b45efba/media/6a3f9d578ca73a5d8b45f247/original.mp4,2026-06-27T09:52:26.294Z
6a3f9d578ca73a5d8b45f248,365.mp4,video,6a339629c83cd92b28887889,Diagnose it,,rajivranjan0013@gmail.com,,users/6a31cf989801f82f3d1633bc/folders/6a3f9d118ca73a5d8b45efba/media/6a3f9d578ca73a5d8b45f248/original.mp4,https://media.theeasypost.com/users/6a31cf989801f82f3d1633bc/folders/6a3f9d118ca73a5d8b45efba/media/6a3f9d578ca73a5d8b45f248/original.mp4,2026-06-27T09:52:26.290Z
6a3f9d568ca73a5d8b45f240,8.mp4,video,6a339629c83cd92b28887889,Diagnose it,,rajivranjan0013@gmail.com,,users/6a31cf989801f82f3d1633bc/folders/6a3f9d118ca73a5d8b45efba/media/6a3f9d568ca73a5d8b45f240/original.mp4,https://media.theeasypost.com/users/6a31cf989801f82f3d1633bc/folders/6a3f9d118ca73a5d8b45efba/media/6a3f9d568ca73a5d8b45f240/original.mp4,2026-06-27T09:52:25.525Z
6a3f9d568ca73a5d8b45f242,66.mp4,video,6a339629c83cd92b28887889,Diagnose it,,rajivranjan0013@gmail.com,,users/6a31cf989801f82f3d1633bc/folders/6a3f9d118ca73a5d8b45efba/media/6a3f9d568ca73a5d8b45f242/original.mp4,https://media.theeasypost.com/users/6a31cf989801f82f3d1633bc/folders/6a3f9d118ca73a5d8b45efba/media/6a3f9d568ca73a5d8b45f242/original.mp4,2026-06-27T09:52:25.462Z
6a3f9d558ca73a5d8b45f239,167.mp4,video,6a339629c83cd92b28887889,Diagnose it,,rajivranjan0013@gmail.com,,users/6a31cf989801f82f3d1633bc/folders/6a3f9d118ca73a5d8b45efba/media/6a3f9d558ca73a5d8b45f239/original.mp4,https://media.theeasypost.com/users/6a31cf989801f82f3d1633bc/folders/6a3f9d118ca73a5d8b45efba/media/6a3f9d558ca73a5d8b45f239/original.mp4,2026-06-27T09:52:25.409Z
6a3f9d558ca73a5d8b45f236,99.mp4,video,6a339629c83cd92b28887889,Diagnose it,,rajivranjan0013@gmail.com,,users/6a31cf989801f82f3d1633bc/folders/6a3f9d118ca73a5d8b45efba/media/6a3f9d558ca73a5d8b45f236/original.mp4,https://media.theeasypost.com/users/6a31cf989801f82f3d1633bc/folders/6a3f9d118ca73a5d8b45efba/media/6a3f9d558ca73a5d8b45f236/original.mp4,2026-06-27T09:52:25.065Z
6a3f9d558ca73a5d8b45f231,215.mp4,video,6a339629c83cd92b28887889,Diagnose it,,rajivranjan0013@gmail.com,,users/6a31cf989801f82f3d1633bc/folders/6a3f9d118ca73a5d8b45efba/media/6a3f9d558ca73a5d8b45f231/original.mp4,https://media.theeasypost.com/users/6a31cf989801f82f3d1633bc/folders/6a3f9d118ca73a5d8b45efba/media/6a3f9d558ca73a5d8b45f231/original.mp4,2026-06-27T09:52:25.059Z
6a3f9d568ca73a5d8b45f241,173.mp4,video,6a339629c83cd92b28887889,Diagnose it,,rajivranjan0013@gmail.com,,users/6a31cf989801f82f3d1633bc/folders/6a3f9d118ca73a5d8b45efba/media/6a3f9d568ca73a5d8b45f241/original.mp4,https://media.theeasypost.com/users/6a31cf989801f82f3d1633bc/folders/6a3f9d118ca73a5d8b45efba/media/6a3f9d568ca73a5d8b45f241/original.mp4,2026-06-27T09:52:25.056Z
6a3f9d558ca73a5d8b45f23a,201.mp4,video,6a339629c83cd92b28887889,Diagnose it,,rajivranjan0013@gmail.com,,users/6a31cf989801f82f3d1633bc/folders/6a3f9d118ca73a5d8b45efba/media/6a3f9d558ca73a5d8b45f23a/original.mp4,https://media.theeasypost.com/users/6a31cf989801f82f3d1633bc/folders/6a3f9d118ca73a5d8b45efba/media/6a3f9d558ca73a5d8b45f23a/original.mp4,2026-06-27T09:52:24.792Z
6a3f9d558ca73a5d8b45f237,239.mp4,video,6a339629c83cd92b28887889,Diagnose it,,rajivranjan0013@gmail.com,,users/6a31cf989801f82f3d1633bc/folders/6a3f9d118ca73a5d8b45efba/media/6a3f9d558ca73a5d8b45f237/original.mp4,https://media.theeasypost.com/users/6a31cf989801f82f3d1633bc/folders/6a3f9d118ca73a5d8b45efba/media/6a3f9d558ca73a5d8b45f237/original.mp4,2026-06-27T09:52:24.783Z
6a3f9d558ca73a5d8b45f235,205.mp4,video,6a339629c83cd92b28887889,Diagnose it,,rajivranjan0013@gmail.com,,users/6a31cf989801f82f3d1633bc/folders/6a3f9d118ca73a5d8b45efba/media/6a3f9d558ca73a5d8b45f235/original.mp4,https://media.theeasypost.com/users/6a31cf989801f82f3d1633bc/folders/6a3f9d118ca73a5d8b45efba/media/6a3f9d558ca73a5d8b45f235/original.mp4,2026-06-27T09:52:24.178Z
6a3f9d558ca73a5d8b45f234,211.mp4,video,6a339629c83cd92b28887889,Diagnose it,,rajivranjan0013@gmail.com,,users/6a31cf989801f82f3d1633bc/folders/6a3f9d118ca73a5d8b45efba/media/6a3f9d558ca73a5d8b45f234/original.mp4,https://media.theeasypost.com/users/6a31cf989801f82f3d1633bc/folders/6a3f9d118ca73a5d8b45efba/media/6a3f9d558ca73a5d8b45f234/original.mp4,2026-06-27T09:52:23.841Z
6a3f9d558ca73a5d8b45f230,163.mp4,video,6a339629c83cd92b28887889,Diagnose it,,rajivranjan0013@gmail.com,,users/6a31cf989801f82f3d1633bc/folders/6a3f9d118ca73a5d8b45efba/media/6a3f9d558ca73a5d8b45f230/original.mp4,https://media.theeasypost.com/users/6a31cf989801f82f3d1633bc/folders/6a3f9d118ca73a5d8b45efba/media/6a3f9d558ca73a5d8b45f230/original.mp4,2026-06-27T09:52:23.591Z
6a3f9d548ca73a5d8b45f22c,177.mp4,video,6a339629c83cd92b28887889,Diagnose it,,rajivranjan0013@gmail.com,,users/6a31cf989801f82f3d1633bc/folders/6a3f9d118ca73a5d8b45efba/media/6a3f9d548ca73a5d8b45f22c/original.mp4,https://media.theeasypost.com/users/6a31cf989801f82f3d1633bc/folders/6a3f9d118ca73a5d8b45efba/media/6a3f9d548ca73a5d8b45f22c/original.mp4,2026-06-27T09:52:22.976Z
6a3f9d538ca73a5d8b45f228,361.mp4,video,6a339629c83cd92b28887889,Diagnose it,,rajivranjan0013@gmail.com,,users/6a31cf989801f82f3d1633bc/folders/6a3f9d118ca73a5d8b45efba/media/6a3f9d538ca73a5d8b45f228/original.mp4,https://media.theeasypost.com/users/6a31cf989801f82f3d1633bc/folders/6a3f9d118ca73a5d8b45efba/media/6a3f9d538ca73a5d8b45f228/original.mp4,2026-06-27T09:52:22.973Z
6a3f9d538ca73a5d8b45f224,349.mp4,video,6a339629c83cd92b28887889,Diagnose it,,rajivranjan0013@gmail.com,,users/6a31cf989801f82f3d1633bc/folders/6a3f9d118ca73a5d8b45efba/media/6a3f9d538ca73a5d8b45f224/original.mp4,https://media.theeasypost.com/users/6a31cf989801f82f3d1633bc/folders/6a3f9d118ca73a5d8b45efba/media/6a3f9d538ca73a5d8b45f224/original.mp4,2026-06-27T09:52:22.970Z
6a3f9d538ca73a5d8b45f229,89.mp4,video,6a339629c83cd92b28887889,Diagnose it,,rajivranjan0013@gmail.com,,users/6a31cf989801f82f3d1633bc/folders/6a3f9d118ca73a5d8b45efba/media/6a3f9d538ca73a5d8b45f229/original.mp4,https://media.theeasypost.com/users/6a31cf989801f82f3d1633bc/folders/6a3f9d118ca73a5d8b45efba/media/6a3f9d538ca73a5d8b45f229/original.mp4,2026-06-27T09:52:22.389Z
6a3f9d538ca73a5d8b45f226,188.mp4,video,6a339629c83cd92b28887889,Diagnose it,,rajivranjan0013@gmail.com,,users/6a31cf989801f82f3d1633bc/folders/6a3f9d118ca73a5d8b45efba/media/6a3f9d538ca73a5d8b45f226/original.mp4,https://media.theeasypost.com/users/6a31cf989801f82f3d1633bc/folders/6a3f9d118ca73a5d8b45efba/media/6a3f9d538ca73a5d8b45f226/original.mp4,2026-06-27T09:52:22.340Z
6a3f9d538ca73a5d8b45f227,62.mp4,video,6a339629c83cd92b28887889,Diagnose it,,rajivranjan0013@gmail.com,,users/6a31cf989801f82f3d1633bc/folders/6a3f9d118ca73a5d8b45efba/media/6a3f9d538ca73a5d8b45f227/original.mp4,https://media.theeasypost.com/users/6a31cf989801f82f3d1633bc/folders/6a3f9d118ca73a5d8b45efba/media/6a3f9d538ca73a5d8b45f227/original.mp4,2026-06-27T09:52:22.338Z
6a3f9d538ca73a5d8b45f223,360.mp4,video,6a339629c83cd92b28887889,Diagnose it,,rajivranjan0013@gmail.com,,users/6a31cf989801f82f3d1633bc/folders/6a3f9d118ca73a5d8b45efba/media/6a3f9d538ca73a5d8b45f223/original.mp4,https://media.theeasypost.com/users/6a31cf989801f82f3d1633bc/folders/6a3f9d118ca73a5d8b45efba/media/6a3f9d538ca73a5d8b45f223/original.mp4,2026-06-27T09:52:21.689Z
6a3f9d538ca73a5d8b45f225,76.mp4,video,6a339629c83cd92b28887889,Diagnose it,,rajivranjan0013@gmail.com,,users/6a31cf989801f82f3d1633bc/folders/6a3f9d118ca73a5d8b45efba/media/6a3f9d538ca73a5d8b45f225/original.mp4,https://media.theeasypost.com/users/6a31cf989801f82f3d1633bc/folders/6a3f9d118ca73a5d8b45efba/media/6a3f9d538ca73a5d8b45f225/original.mp4,2026-06-27T09:52:21.596Z
6a3f9d518ca73a5d8b45f216,189.mp4,video,6a339629c83cd92b28887889,Diagnose it,,rajivranjan0013@gmail.com,,users/6a31cf989801f82f3d1633bc/folders/6a3f9d118ca73a5d8b45efba/media/6a3f9d518ca73a5d8b45f216/original.mp4,https://media.theeasypost.com/users/6a31cf989801f82f3d1633bc/folders/6a3f9d118ca73a5d8b45efba/media/6a3f9d518ca73a5d8b45f216/original.mp4,2026-06-27T09:52:21.449Z
6a3f9d528ca73a5d8b45f219,348.mp4,video,6a339629c83cd92b28887889,Diagnose it,,rajivranjan0013@gmail.com,,users/6a31cf989801f82f3d1633bc/folders/6a3f9d118ca73a5d8b45efba/media/6a3f9d528ca73a5d8b45f219/original.mp4,https://media.theeasypost.com/users/6a31cf989801f82f3d1633bc/folders/6a3f9d118ca73a5d8b45efba/media/6a3f9d528ca73a5d8b45f219/original.mp4,2026-06-27T09:52:21.228Z
6a3f9d518ca73a5d8b45f217,77.mp4,video,6a339629c83cd92b28887889,Diagnose it,,rajivranjan0013@gmail.com,,users/6a31cf989801f82f3d1633bc/folders/6a3f9d118ca73a5d8b45efba/media/6a3f9d518ca73a5d8b45f217/original.mp4,https://media.theeasypost.com/users/6a31cf989801f82f3d1633bc/folders/6a3f9d118ca73a5d8b45efba/media/6a3f9d518ca73a5d8b45f217/original.mp4,2026-06-27T09:52:21.104Z
6a3f9d518ca73a5d8b45f218,88.mp4,video,6a339629c83cd92b28887889,Diagnose it,,rajivranjan0013@gmail.com,,users/6a31cf989801f82f3d1633bc/folders/6a3f9d118ca73a5d8b45efba/media/6a3f9d518ca73a5d8b45f218/original.mp4,https://media.theeasypost.com/users/6a31cf989801f82f3d1633bc/folders/6a3f9d118ca73a5d8b45efba/media/6a3f9d518ca73a5d8b45f218/original.mp4,2026-06-27T09:52:20.424Z
6a3f9d518ca73a5d8b45f214,63.mp4,video,6a339629c83cd92b28887889,Diagnose it,,rajivranjan0013@gmail.com,,users/6a31cf989801f82f3d1633bc/folders/6a3f9d118ca73a5d8b45efba/media/6a3f9d518ca73a5d8b45f214/original.mp4,https://media.theeasypost.com/users/6a31cf989801f82f3d1633bc/folders/6a3f9d118ca73a5d8b45efba/media/6a3f9d518ca73a5d8b45f214/original.mp4,2026-06-27T09:52:20.414Z
6a3f9d518ca73a5d8b45f215,176.mp4,video,6a339629c83cd92b28887889,Diagnose it,,rajivranjan0013@gmail.com,,users/6a31cf989801f82f3d1633bc/folders/6a3f9d118ca73a5d8b45efba/media/6a3f9d518ca73a5d8b45f215/original.mp4,https://media.theeasypost.com/users/6a31cf989801f82f3d1633bc/folders/6a3f9d118ca73a5d8b45efba/media/6a3f9d518ca73a5d8b45f215/original.mp4,2026-06-27T09:52:20.246Z
6a3f9d508ca73a5d8b45f20a,214.mp4,video,6a339629c83cd92b28887889,Diagnose it,,rajivranjan0013@gmail.com,,users/6a31cf989801f82f3d1633bc/folders/6a3f9d118ca73a5d8b45efba/media/6a3f9d508ca73a5d8b45f20a/original.mp4,https://media.theeasypost.com/users/6a31cf989801f82f3d1633bc/folders/6a3f9d118ca73a5d8b45efba/media/6a3f9d508ca73a5d8b45f20a/original.mp4,2026-06-27T09:52:19.821Z
6a3f9d518ca73a5d8b45f210,162.mp4,video,6a339629c83cd92b28887889,Diagnose it,,rajivranjan0013@gmail.com,,users/6a31cf989801f82f3d1633bc/folders/6a3f9d118ca73a5d8b45efba/media/6a3f9d518ca73a5d8b45f210/original.mp4,https://media.theeasypost.com/users/6a31cf989801f82f3d1633bc/folders/6a3f9d118ca73a5d8b45efba/media/6a3f9d518ca73a5d8b45f210/original.mp4,2026-06-27T09:52:19.815Z
6a3f9d508ca73a5d8b45f207,216.mp4,video,6a339629c83cd92b28887889,Diagnose it,,rajivranjan0013@gmail.com,,users/6a31cf989801f82f3d1633bc/folders/6a3f9d118ca73a5d8b45efba/media/6a3f9d508ca73a5d8b45f207/original.mp4,https://media.theeasypost.com/users/6a31cf989801f82f3d1633bc/folders/6a3f9d118ca73a5d8b45efba/media/6a3f9d508ca73a5d8b45f207/original.mp4,2026-06-27T09:52:19.362Z
6a3f9d508ca73a5d8b45f20b,228.mp4,video,6a339629c83cd92b28887889,Diagnose it,,rajivranjan0013@gmail.com,,users/6a31cf989801f82f3d1633bc/folders/6a3f9d118ca73a5d8b45efba/media/6a3f9d508ca73a5d8b45f20b/original.mp4,https://media.theeasypost.com/users/6a31cf989801f82f3d1633bc/folders/6a3f9d118ca73a5d8b45efba/media/6a3f9d508ca73a5d8b45f20b/original.mp4,2026-06-27T09:52:19.358Z
6a3f9d508ca73a5d8b45f209,202.mp4,video,6a339629c83cd92b28887889,Diagnose it,,rajivranjan0013@gmail.com,,users/6a31cf989801f82f3d1633bc/folders/6a3f9d118ca73a5d8b45efba/media/6a3f9d508ca73a5d8b45f209/original.mp4,https://media.theeasypost.com/users/6a31cf989801f82f3d1633bc/folders/6a3f9d118ca73a5d8b45efba/media/6a3f9d508ca73a5d8b45f209/original.mp4,2026-06-27T09:52:19.352Z
6a3f9d508ca73a5d8b45f20e,200.mp4,video,6a339629c83cd92b28887889,Diagnose it,,rajivranjan0013@gmail.com,,users/6a31cf989801f82f3d1633bc/folders/6a3f9d118ca73a5d8b45efba/media/6a3f9d508ca73a5d8b45f20e/original.mp4,https://media.theeasypost.com/users/6a31cf989801f82f3d1633bc/folders/6a3f9d118ca73a5d8b45efba/media/6a3f9d508ca73a5d8b45f20e/original.mp4,2026-06-27T09:52:19.328Z
6a3f9d4f8ca73a5d8b45f204,75.mp4,video,6a339629c83cd92b28887889,Diagnose it,,rajivranjan0013@gmail.com,,users/6a31cf989801f82f3d1633bc/folders/6a3f9d118ca73a5d8b45efba/media/6a3f9d4f8ca73a5d8b45f204/original.mp4,https://media.theeasypost.com/users/6a31cf989801f82f3d1633bc/folders/6a3f9d118ca73a5d8b45efba/media/6a3f9d4f8ca73a5d8b45f204/original.mp4,2026-06-27T09:52:18.651Z
6a3f9d4f8ca73a5d8b45f206,148.mp4,video,6a339629c83cd92b28887889,Diagnose it,,rajivranjan0013@gmail.com,,users/6a31cf989801f82f3d1633bc/folders/6a3f9d118ca73a5d8b45efba/media/6a3f9d4f8ca73a5d8b45f206/original.mp4,https://media.theeasypost.com/users/6a31cf989801f82f3d1633bc/folders/6a3f9d118ca73a5d8b45efba/media/6a3f9d4f8ca73a5d8b45f206/original.mp4,2026-06-27T09:52:18.625Z
6a3f9d4f8ca73a5d8b45f1ff,61.mp4,video,6a339629c83cd92b28887889,Diagnose it,,rajivranjan0013@gmail.com,,users/6a31cf989801f82f3d1633bc/folders/6a3f9d118ca73a5d8b45efba/media/6a3f9d4f8ca73a5d8b45f1ff/original.mp4,https://media.theeasypost.com/users/6a31cf989801f82f3d1633bc/folders/6a3f9d118ca73a5d8b45efba/media/6a3f9d4f8ca73a5d8b45f1ff/original.mp4,2026-06-27T09:52:18.300Z
6a3f9d4f8ca73a5d8b45f203,174.mp4,video,6a339629c83cd92b28887889,Diagnose it,,rajivranjan0013@gmail.com,,users/6a31cf989801f82f3d1633bc/folders/6a3f9d118ca73a5d8b45efba/media/6a3f9d4f8ca73a5d8b45f203/original.mp4,https://media.theeasypost.com/users/6a31cf989801f82f3d1633bc/folders/6a3f9d118ca73a5d8b45efba/media/6a3f9d4f8ca73a5d8b45f203/original.mp4,2026-06-27T09:52:18.262Z
6a3f9d4f8ca73a5d8b45f202,160.mp4,video,6a339629c83cd92b28887889,Diagnose it,,rajivranjan0013@gmail.com,,users/6a31cf989801f82f3d1633bc/folders/6a3f9d118ca73a5d8b45efba/media/6a3f9d4f8ca73a5d8b45f202/original.mp4,https://media.theeasypost.com/users/6a31cf989801f82f3d1633bc/folders/6a3f9d118ca73a5d8b45efba/media/6a3f9d4f8ca73a5d8b45f202/original.mp4,2026-06-27T09:52:18.165Z
6a3f9d4e8ca73a5d8b45f1f7,74.mp4,video,6a339629c83cd92b28887889,Diagnose it,,rajivranjan0013@gmail.com,,users/6a31cf989801f82f3d1633bc/folders/6a3f9d118ca73a5d8b45efba/media/6a3f9d4e8ca73a5d8b45f1f7/original.mp4,https://media.theeasypost.com/users/6a31cf989801f82f3d1633bc/folders/6a3f9d118ca73a5d8b45efba/media/6a3f9d4e8ca73a5d8b45f1f7/original.mp4,2026-06-27T09:52:17.689Z
6a3f9d4f8ca73a5d8b45f1fd,49.mp4,video,6a339629c83cd92b28887889,Diagnose it,,rajivranjan0013@gmail.com,,users/6a31cf989801f82f3d1633bc/folders/6a3f9d118ca73a5d8b45efba/media/6a3f9d4f8ca73a5d8b45f1fd/original.mp4,https://media.theeasypost.com/users/6a31cf989801f82f3d1633bc/folders/6a3f9d118ca73a5d8b45efba/media/6a3f9d4f8ca73a5d8b45f1fd/original.mp4,2026-06-27T09:52:17.633Z
6a3f9d4e8ca73a5d8b45f1fa,362.mp4,video,6a339629c83cd92b28887889,Diagnose it,,rajivranjan0013@gmail.com,,users/6a31cf989801f82f3d1633bc/folders/6a3f9d118ca73a5d8b45efba/media/6a3f9d4e8ca73a5d8b45f1fa/original.mp4,https://media.theeasypost.com/users/6a31cf989801f82f3d1633bc/folders/6a3f9d118ca73a5d8b45efba/media/6a3f9d4e8ca73a5d8b45f1fa/original.mp4,2026-06-27T09:52:17.621Z
6a3f9d4d8ca73a5d8b45f1f1,48.mp4,video,6a339629c83cd92b28887889,Diagnose it,,rajivranjan0013@gmail.com,,users/6a31cf989801f82f3d1633bc/folders/6a3f9d118ca73a5d8b45efba/media/6a3f9d4d8ca73a5d8b45f1f1/original.mp4,https://media.theeasypost.com/users/6a31cf989801f82f3d1633bc/folders/6a3f9d118ca73a5d8b45efba/media/6a3f9d4d8ca73a5d8b45f1f1/original.mp4,2026-06-27T09:52:16.601Z
6a3f9d4e8ca73a5d8b45f1f6,363.mp4,video,6a339629c83cd92b28887889,Diagnose it,,rajivranjan0013@gmail.com,,users/6a31cf989801f82f3d1633bc/folders/6a3f9d118ca73a5d8b45efba/media/6a3f9d4e8ca73a5d8b45f1f6/original.mp4,https://media.theeasypost.com/users/6a31cf989801f82f3d1633bc/folders/6a3f9d118ca73a5d8b45efba/media/6a3f9d4e8ca73a5d8b45f1f6/original.mp4,2026-06-27T09:52:16.476Z
6a3f9d4e8ca73a5d8b45f1f3,60.mp4,video,6a339629c83cd92b28887889,Diagnose it,,rajivranjan0013@gmail.com,,users/6a31cf989801f82f3d1633bc/folders/6a3f9d118ca73a5d8b45efba/media/6a3f9d4e8ca73a5d8b45f1f3/original.mp4,https://media.theeasypost.com/users/6a31cf989801f82f3d1633bc/folders/6a3f9d118ca73a5d8b45efba/media/6a3f9d4e8ca73a5d8b45f1f3/original.mp4,2026-06-27T09:52:16.450Z
6a3f9d4d8ca73a5d8b45f1ed,161.mp4,video,6a339629c83cd92b28887889,Diagnose it,,rajivranjan0013@gmail.com,,users/6a31cf989801f82f3d1633bc/folders/6a3f9d118ca73a5d8b45efba/media/6a3f9d4d8ca73a5d8b45f1ed/original.mp4,https://media.theeasypost.com/users/6a31cf989801f82f3d1633bc/folders/6a3f9d118ca73a5d8b45efba/media/6a3f9d4d8ca73a5d8b45f1ed/original.mp4,2026-06-27T09:52:16.036Z
6a3f9d4d8ca73a5d8b45f1ec,175.mp4,video,6a339629c83cd92b28887889,Diagnose it,,rajivranjan0013@gmail.com,,users/6a31cf989801f82f3d1633bc/folders/6a3f9d118ca73a5d8b45efba/media/6a3f9d4d8ca73a5d8b45f1ec/original.mp4,https://media.theeasypost.com/users/6a31cf989801f82f3d1633bc/folders/6a3f9d118ca73a5d8b45efba/media/6a3f9d4d8ca73a5d8b45f1ec/original.mp4,2026-06-27T09:52:15.846Z
6a3f9d4d8ca73a5d8b45f1e8,217.mp4,video,6a339629c83cd92b28887889,Diagnose it,,rajivranjan0013@gmail.com,,users/6a31cf989801f82f3d1633bc/folders/6a3f9d118ca73a5d8b45efba/media/6a3f9d4d8ca73a5d8b45f1e8/original.mp4,https://media.theeasypost.com/users/6a31cf989801f82f3d1633bc/folders/6a3f9d118ca73a5d8b45efba/media/6a3f9d4d8ca73a5d8b45f1e8/original.mp4,2026-06-27T09:52:15.451Z
6a3f9d4d8ca73a5d8b45f1ea,149.mp4,video,6a339629c83cd92b28887889,Diagnose it,,rajivranjan0013@gmail.com,,users/6a31cf989801f82f3d1633bc/folders/6a3f9d118ca73a5d8b45efba/media/6a3f9d4d8ca73a5d8b45f1ea/original.mp4,https://media.theeasypost.com/users/6a31cf989801f82f3d1633bc/folders/6a3f9d118ca73a5d8b45efba/media/6a3f9d4d8ca73a5d8b45f1ea/original.mp4,2026-06-27T09:52:15.431Z
6a3f9d498ca73a5d8b45f1c2,265.mp4,video,6a339629c83cd92b28887889,Diagnose it,,rajivranjan0013@gmail.com,,users/6a31cf989801f82f3d1633bc/folders/6a3f9d118ca73a5d8b45efba/media/6a3f9d498ca73a5d8b45f1c2/original.mp4,https://media.theeasypost.com/users/6a31cf989801f82f3d1633bc/folders/6a3f9d118ca73a5d8b45efba/media/6a3f9d498ca73a5d8b45f1c2/original.mp4,2026-06-27T09:52:15.264Z
6a3f9d4c8ca73a5d8b45f1df,270.mp4,video,6a339629c83cd92b28887889,Diagnose it,,rajivranjan0013@gmail.com,,users/6a31cf989801f82f3d1633bc/folders/6a3f9d118ca73a5d8b45efba/media/6a3f9d4c8ca73a5d8b45f1df/original.mp4,https://media.theeasypost.com/users/6a31cf989801f82f3d1633bc/folders/6a3f9d118ca73a5d8b45efba/media/6a3f9d4c8ca73a5d8b45f1df/original.mp4,2026-06-27T09:52:14.994Z
6a3f9d4c8ca73a5d8b45f1e7,203.mp4,video,6a339629c83cd92b28887889,Diagnose it,,rajivranjan0013@gmail.com,,users/6a31cf989801f82f3d1633bc/folders/6a3f9d118ca73a5d8b45efba/media/6a3f9d4c8ca73a5d8b45f1e7/original.mp4,https://media.theeasypost.com/users/6a31cf989801f82f3d1633bc/folders/6a3f9d118ca73a5d8b45efba/media/6a3f9d4c8ca73a5d8b45f1e7/original.mp4,2026-06-27T09:52:14.958Z
6a3f9d4c8ca73a5d8b45f1e2,264.mp4,video,6a339629c83cd92b28887889,Diagnose it,,rajivranjan0013@gmail.com,,users/6a31cf989801f82f3d1633bc/folders/6a3f9d118ca73a5d8b45efba/media/6a3f9d4c8ca73a5d8b45f1e2/original.mp4,https://media.theeasypost.com/users/6a31cf989801f82f3d1633bc/folders/6a3f9d118ca73a5d8b45efba/media/6a3f9d4c8ca73a5d8b45f1e2/original.mp4,2026-06-27T09:52:14.740Z
6a3f9d4b8ca73a5d8b45f1dc,112.mp4,video,6a339629c83cd92b28887889,Diagnose it,,rajivranjan0013@gmail.com,,users/6a31cf989801f82f3d1633bc/folders/6a3f9d118ca73a5d8b45efba/media/6a3f9d4b8ca73a5d8b45f1dc/original.mp4,https://media.theeasypost.com/users/6a31cf989801f82f3d1633bc/folders/6a3f9d118ca73a5d8b45efba/media/6a3f9d4b8ca73a5d8b45f1dc/original.mp4,2026-06-27T09:52:14.526Z
6a3f9d4c8ca73a5d8b45f1de,258.mp4,video,6a339629c83cd92b28887889,Diagnose it,,rajivranjan0013@gmail.com,,users/6a31cf989801f82f3d1633bc/folders/6a3f9d118ca73a5d8b45efba/media/6a3f9d4c8ca73a5d8b45f1de/original.mp4,https://media.theeasypost.com/users/6a31cf989801f82f3d1633bc/folders/6a3f9d118ca73a5d8b45efba/media/6a3f9d4c8ca73a5d8b45f1de/original.mp4,2026-06-27T09:52:14.358Z
6a3f9d4b8ca73a5d8b45f1db,106.mp4,video,6a339629c83cd92b28887889,Diagnose it,,rajivranjan0013@gmail.com,,users/6a31cf989801f82f3d1633bc/folders/6a3f9d118ca73a5d8b45efba/media/6a3f9d4b8ca73a5d8b45f1db/original.mp4,https://media.theeasypost.com/users/6a31cf989801f82f3d1633bc/folders/6a3f9d118ca73a5d8b45efba/media/6a3f9d4b8ca73a5d8b45f1db/original.mp4,2026-06-27T09:52:14.143Z
6a3f9d4b8ca73a5d8b45f1d9,310.mp4,video,6a339629c83cd92b28887889,Diagnose it,,rajivranjan0013@gmail.com,,users/6a31cf989801f82f3d1633bc/folders/6a3f9d118ca73a5d8b45efba/media/6a3f9d4b8ca73a5d8b45f1d9/original.mp4,https://media.theeasypost.com/users/6a31cf989801f82f3d1633bc/folders/6a3f9d118ca73a5d8b45efba/media/6a3f9d4b8ca73a5d8b45f1d9/original.mp4,2026-06-27T09:52:14.054Z
6a3f9d4b8ca73a5d8b45f1d8,13.mp4,video,6a339629c83cd92b28887889,Diagnose it,,rajivranjan0013@gmail.com,,users/6a31cf989801f82f3d1633bc/folders/6a3f9d118ca73a5d8b45efba/media/6a3f9d4b8ca73a5d8b45f1d8/original.mp4,https://media.theeasypost.com/users/6a31cf989801f82f3d1633bc/folders/6a3f9d118ca73a5d8b45efba/media/6a3f9d4b8ca73a5d8b45f1d8/original.mp4,2026-06-27T09:52:13.978Z
6a3f9d4a8ca73a5d8b45f1d4,305.mp4,video,6a339629c83cd92b28887889,Diagnose it,,rajivranjan0013@gmail.com,,users/6a31cf989801f82f3d1633bc/folders/6a3f9d118ca73a5d8b45efba/media/6a3f9d4a8ca73a5d8b45f1d4/original.mp4,https://media.theeasypost.com/users/6a31cf989801f82f3d1633bc/folders/6a3f9d118ca73a5d8b45efba/media/6a3f9d4a8ca73a5d8b45f1d4/original.mp4,2026-06-27T09:52:13.976Z
6a3f9d4a8ca73a5d8b45f1d5,304.mp4,video,6a339629c83cd92b28887889,Diagnose it,,rajivranjan0013@gmail.com,,users/6a31cf989801f82f3d1633bc/folders/6a3f9d118ca73a5d8b45efba/media/6a3f9d4a8ca73a5d8b45f1d5/original.mp4,https://media.theeasypost.com/users/6a31cf989801f82f3d1633bc/folders/6a3f9d118ca73a5d8b45efba/media/6a3f9d4a8ca73a5d8b45f1d5/original.mp4,2026-06-27T09:52:13.779Z
6a3f9d4a8ca73a5d8b45f1d6,338.mp4,video,6a339629c83cd92b28887889,Diagnose it,,rajivranjan0013@gmail.com,,users/6a31cf989801f82f3d1633bc/folders/6a3f9d118ca73a5d8b45efba/media/6a3f9d4a8ca73a5d8b45f1d6/original.mp4,https://media.theeasypost.com/users/6a31cf989801f82f3d1633bc/folders/6a3f9d118ca73a5d8b45efba/media/6a3f9d4a8ca73a5d8b45f1d6/original.mp4,2026-06-27T09:52:13.329Z
6a3f9d4a8ca73a5d8b45f1d3,339.mp4,video,6a339629c83cd92b28887889,Diagnose it,,rajivranjan0013@gmail.com,,users/6a31cf989801f82f3d1633bc/folders/6a3f9d118ca73a5d8b45efba/media/6a3f9d4a8ca73a5d8b45f1d3/original.mp4,https://media.theeasypost.com/users/6a31cf989801f82f3d1633bc/folders/6a3f9d118ca73a5d8b45efba/media/6a3f9d4a8ca73a5d8b45f1d3/original.mp4,2026-06-27T09:52:13.310Z
6a3f9d498ca73a5d8b45f1c8,271.mp4,video,6a339629c83cd92b28887889,Diagnose it,,rajivranjan0013@gmail.com,,users/6a31cf989801f82f3d1633bc/folders/6a3f9d118ca73a5d8b45efba/media/6a3f9d498ca73a5d8b45f1c8/original.mp4,https://media.theeasypost.com/users/6a31cf989801f82f3d1633bc/folders/6a3f9d118ca73a5d8b45efba/media/6a3f9d498ca73a5d8b45f1c8/original.mp4,2026-06-27T09:52:12.865Z
6a3f9d4a8ca73a5d8b45f1d1,311.mp4,video,6a339629c83cd92b28887889,Diagnose it,,rajivranjan0013@gmail.com,,users/6a31cf989801f82f3d1633bc/folders/6a3f9d118ca73a5d8b45efba/media/6a3f9d4a8ca73a5d8b45f1d1/original.mp4,https://media.theeasypost.com/users/6a31cf989801f82f3d1633bc/folders/6a3f9d118ca73a5d8b45efba/media/6a3f9d4a8ca73a5d8b45f1d1/original.mp4,2026-06-27T09:52:12.795Z
6a3f9d4a8ca73a5d8b45f1d0,12.mp4,video,6a339629c83cd92b28887889,Diagnose it,,rajivranjan0013@gmail.com,,users/6a31cf989801f82f3d1633bc/folders/6a3f9d118ca73a5d8b45efba/media/6a3f9d4a8ca73a5d8b45f1d0/original.mp4,https://media.theeasypost.com/users/6a31cf989801f82f3d1633bc/folders/6a3f9d118ca73a5d8b45efba/media/6a3f9d4a8ca73a5d8b45f1d0/original.mp4,2026-06-27T09:52:12.773Z
6a3f9d498ca73a5d8b45f1ca,113.mp4,video,6a339629c83cd92b28887889,Diagnose it,,rajivranjan0013@gmail.com,,users/6a31cf989801f82f3d1633bc/folders/6a3f9d118ca73a5d8b45efba/media/6a3f9d498ca73a5d8b45f1ca/original.mp4,https://media.theeasypost.com/users/6a31cf989801f82f3d1633bc/folders/6a3f9d118ca73a5d8b45efba/media/6a3f9d498ca73a5d8b45f1ca/original.mp4,2026-06-27T09:52:12.538Z
6a3f9d498ca73a5d8b45f1c9,107.mp4,video,6a339629c83cd92b28887889,Diagnose it,,rajivranjan0013@gmail.com,,users/6a31cf989801f82f3d1633bc/folders/6a3f9d118ca73a5d8b45efba/media/6a3f9d498ca73a5d8b45f1c9/original.mp4,https://media.theeasypost.com/users/6a31cf989801f82f3d1633bc/folders/6a3f9d118ca73a5d8b45efba/media/6a3f9d498ca73a5d8b45f1c9/original.mp4,2026-06-27T09:52:12.252Z
6a3f9d498ca73a5d8b45f1c7,259.mp4,video,6a339629c83cd92b28887889,Diagnose it,,rajivranjan0013@gmail.com,,users/6a31cf989801f82f3d1633bc/folders/6a3f9d118ca73a5d8b45efba/media/6a3f9d498ca73a5d8b45f1c7/original.mp4,https://media.theeasypost.com/users/6a31cf989801f82f3d1633bc/folders/6a3f9d118ca73a5d8b45efba/media/6a3f9d498ca73a5d8b45f1c7/original.mp4,2026-06-27T09:52:12.106Z
6a3f9d498ca73a5d8b45f1c1,273.mp4,video,6a339629c83cd92b28887889,Diagnose it,,rajivranjan0013@gmail.com,,users/6a31cf989801f82f3d1633bc/folders/6a3f9d118ca73a5d8b45efba/media/6a3f9d498ca73a5d8b45f1c1/original.mp4,https://media.theeasypost.com/users/6a31cf989801f82f3d1633bc/folders/6a3f9d118ca73a5d8b45efba/media/6a3f9d498ca73a5d8b45f1c1/original.mp4,2026-06-27T09:52:11.845Z
6a3f9d498ca73a5d8b45f1c0,267.mp4,video,6a339629c83cd92b28887889,Diagnose it,,rajivranjan0013@gmail.com,,users/6a31cf989801f82f3d1633bc/folders/6a3f9d118ca73a5d8b45efba/media/6a3f9d498ca73a5d8b45f1c0/original.mp4,https://media.theeasypost.com/users/6a31cf989801f82f3d1633bc/folders/6a3f9d118ca73a5d8b45efba/media/6a3f9d498ca73a5d8b45f1c0/original.mp4,2026-06-27T09:52:11.739Z
6a3f9d488ca73a5d8b45f1bd,298.mp4,video,6a339629c83cd92b28887889,Diagnose it,,rajivranjan0013@gmail.com,,users/6a31cf989801f82f3d1633bc/folders/6a3f9d118ca73a5d8b45efba/media/6a3f9d488ca73a5d8b45f1bd/original.mp4,https://media.theeasypost.com/users/6a31cf989801f82f3d1633bc/folders/6a3f9d118ca73a5d8b45efba/media/6a3f9d488ca73a5d8b45f1bd/original.mp4,2026-06-27T09:52:11.093Z
6a3f9d488ca73a5d8b45f1bc,105.mp4,video,6a339629c83cd92b28887889,Diagnose it,,rajivranjan0013@gmail.com,,users/6a31cf989801f82f3d1633bc/folders/6a3f9d118ca73a5d8b45efba/media/6a3f9d488ca73a5d8b45f1bc/original.mp4,https://media.theeasypost.com/users/6a31cf989801f82f3d1633bc/folders/6a3f9d118ca73a5d8b45efba/media/6a3f9d488ca73a5d8b45f1bc/original.mp4,2026-06-27T09:52:10.869Z
6a3f9d488ca73a5d8b45f1b7,139.mp4,video,6a339629c83cd92b28887889,Diagnose it,,rajivranjan0013@gmail.com,,users/6a31cf989801f82f3d1633bc/folders/6a3f9d118ca73a5d8b45efba/media/6a3f9d488ca73a5d8b45f1b7/original.mp4,https://media.theeasypost.com/users/6a31cf989801f82f3d1633bc/folders/6a3f9d118ca73a5d8b45efba/media/6a3f9d488ca73a5d8b45f1b7/original.mp4,2026-06-27T09:52:10.426Z
6a3f9d488ca73a5d8b45f1b6,111.mp4,video,6a339629c83cd92b28887889,Diagnose it,,rajivranjan0013@gmail.com,,users/6a31cf989801f82f3d1633bc/folders/6a3f9d118ca73a5d8b45efba/media/6a3f9d488ca73a5d8b45f1b6/original.mp4,https://media.theeasypost.com/users/6a31cf989801f82f3d1633bc/folders/6a3f9d118ca73a5d8b45efba/media/6a3f9d488ca73a5d8b45f1b6/original.mp4,2026-06-27T09:52:10.423Z
6a3f9d478ca73a5d8b45f1b3,307.mp4,video,6a339629c83cd92b28887889,Diagnose it,,rajivranjan0013@gmail.com,,users/6a31cf989801f82f3d1633bc/folders/6a3f9d118ca73a5d8b45efba/media/6a3f9d478ca73a5d8b45f1b3/original.mp4,https://media.theeasypost.com/users/6a31cf989801f82f3d1633bc/folders/6a3f9d118ca73a5d8b45efba/media/6a3f9d478ca73a5d8b45f1b3/original.mp4,2026-06-27T09:52:10.410Z
6a3f9d478ca73a5d8b45f1b4,10.mp4,video,6a339629c83cd92b28887889,Diagnose it,,rajivranjan0013@gmail.com,,users/6a31cf989801f82f3d1633bc/folders/6a3f9d118ca73a5d8b45efba/media/6a3f9d478ca73a5d8b45f1b4/original.mp4,https://media.theeasypost.com/users/6a31cf989801f82f3d1633bc/folders/6a3f9d118ca73a5d8b45efba/media/6a3f9d478ca73a5d8b45f1b4/original.mp4,2026-06-27T09:52:10.034Z
6a3f9d478ca73a5d8b45f1b5,38.mp4,video,6a339629c83cd92b28887889,Diagnose it,,rajivranjan0013@gmail.com,,users/6a31cf989801f82f3d1633bc/folders/6a3f9d118ca73a5d8b45efba/media/6a3f9d478ca73a5d8b45f1b5/original.mp4,https://media.theeasypost.com/users/6a31cf989801f82f3d1633bc/folders/6a3f9d118ca73a5d8b45efba/media/6a3f9d478ca73a5d8b45f1b5/original.mp4,2026-06-27T09:52:10.032Z
6a3f9d478ca73a5d8b45f1af,312.mp4,video,6a339629c83cd92b28887889,Diagnose it,,rajivranjan0013@gmail.com,,users/6a31cf989801f82f3d1633bc/folders/6a3f9d118ca73a5d8b45efba/media/6a3f9d478ca73a5d8b45f1af/original.mp4,https://media.theeasypost.com/users/6a31cf989801f82f3d1633bc/folders/6a3f9d118ca73a5d8b45efba/media/6a3f9d478ca73a5d8b45f1af/original.mp4,2026-06-27T09:52:09.614Z
6a3f9d478ca73a5d8b45f1b0,313.mp4,video,6a339629c83cd92b28887889,Diagnose it,,rajivranjan0013@gmail.com,,users/6a31cf989801f82f3d1633bc/folders/6a3f9d118ca73a5d8b45efba/media/6a3f9d478ca73a5d8b45f1b0/original.mp4,https://media.theeasypost.com/users/6a31cf989801f82f3d1633bc/folders/6a3f9d118ca73a5d8b45efba/media/6a3f9d478ca73a5d8b45f1b0/original.mp4,2026-06-27T09:52:09.603Z
6a3f9d468ca73a5d8b45f1a7,110.mp4,video,6a339629c83cd92b28887889,Diagnose it,,rajivranjan0013@gmail.com,,users/6a31cf989801f82f3d1633bc/folders/6a3f9d118ca73a5d8b45efba/media/6a3f9d468ca73a5d8b45f1a7/original.mp4,https://media.theeasypost.com/users/6a31cf989801f82f3d1633bc/folders/6a3f9d118ca73a5d8b45efba/media/6a3f9d468ca73a5d8b45f1a7/original.mp4,2026-06-27T09:52:09.587Z
6a3f9d468ca73a5d8b45f1a4,138.mp4,video,6a339629c83cd92b28887889,Diagnose it,,rajivranjan0013@gmail.com,,users/6a31cf989801f82f3d1633bc/folders/6a3f9d118ca73a5d8b45efba/media/6a3f9d468ca73a5d8b45f1a4/original.mp4,https://media.theeasypost.com/users/6a31cf989801f82f3d1633bc/folders/6a3f9d118ca73a5d8b45efba/media/6a3f9d468ca73a5d8b45f1a4/original.mp4,2026-06-27T09:52:09.584Z
6a3f9d468ca73a5d8b45f1a9,11.mp4,video,6a339629c83cd92b28887889,Diagnose it,,rajivranjan0013@gmail.com,,users/6a31cf989801f82f3d1633bc/folders/6a3f9d118ca73a5d8b45efba/media/6a3f9d468ca73a5d8b45f1a9/original.mp4,https://media.theeasypost.com/users/6a31cf989801f82f3d1633bc/folders/6a3f9d118ca73a5d8b45efba/media/6a3f9d468ca73a5d8b45f1a9/original.mp4,2026-06-27T09:52:09.144Z
6a3f9d468ca73a5d8b45f1a8,306.mp4,video,6a339629c83cd92b28887889,Diagnose it,,rajivranjan0013@gmail.com,,users/6a31cf989801f82f3d1633bc/folders/6a3f9d118ca73a5d8b45efba/media/6a3f9d468ca73a5d8b45f1a8/original.mp4,https://media.theeasypost.com/users/6a31cf989801f82f3d1633bc/folders/6a3f9d118ca73a5d8b45efba/media/6a3f9d468ca73a5d8b45f1a8/original.mp4,2026-06-27T09:52:09.138Z
6a3f9d468ca73a5d8b45f1a5,39.mp4,video,6a339629c83cd92b28887889,Diagnose it,,rajivranjan0013@gmail.com,,users/6a31cf989801f82f3d1633bc/folders/6a3f9d118ca73a5d8b45efba/media/6a3f9d468ca73a5d8b45f1a5/original.mp4,https://media.theeasypost.com/users/6a31cf989801f82f3d1633bc/folders/6a3f9d118ca73a5d8b45efba/media/6a3f9d468ca73a5d8b45f1a5/original.mp4,2026-06-27T09:52:08.454Z
6a3f9d468ca73a5d8b45f1a6,104.mp4,video,6a339629c83cd92b28887889,Diagnose it,,rajivranjan0013@gmail.com,,users/6a31cf989801f82f3d1633bc/folders/6a3f9d118ca73a5d8b45efba/media/6a3f9d468ca73a5d8b45f1a6/original.mp4,https://media.theeasypost.com/users/6a31cf989801f82f3d1633bc/folders/6a3f9d118ca73a5d8b45efba/media/6a3f9d468ca73a5d8b45f1a6/original.mp4,2026-06-27T09:52:08.442Z
6a3f9d458ca73a5d8b45f19f,266.mp4,video,6a339629c83cd92b28887889,Diagnose it,,rajivranjan0013@gmail.com,,users/6a31cf989801f82f3d1633bc/folders/6a3f9d118ca73a5d8b45efba/media/6a3f9d458ca73a5d8b45f19f/original.mp4,https://media.theeasypost.com/users/6a31cf989801f82f3d1633bc/folders/6a3f9d118ca73a5d8b45efba/media/6a3f9d458ca73a5d8b45f19f/original.mp4,2026-06-27T09:52:08.104Z
6a3f9d458ca73a5d8b45f19e,299.mp4,video,6a339629c83cd92b28887889,Diagnose it,,rajivranjan0013@gmail.com,,users/6a31cf989801f82f3d1633bc/folders/6a3f9d118ca73a5d8b45efba/media/6a3f9d458ca73a5d8b45f19e/original.mp4,https://media.theeasypost.com/users/6a31cf989801f82f3d1633bc/folders/6a3f9d118ca73a5d8b45efba/media/6a3f9d458ca73a5d8b45f19e/original.mp4,2026-06-27T09:52:08.083Z
6a3f9d458ca73a5d8b45f19d,272.mp4,video,6a339629c83cd92b28887889,Diagnose it,,rajivranjan0013@gmail.com,,users/6a31cf989801f82f3d1633bc/folders/6a3f9d118ca73a5d8b45efba/media/6a3f9d458ca73a5d8b45f19d/original.mp4,https://media.theeasypost.com/users/6a31cf989801f82f3d1633bc/folders/6a3f9d118ca73a5d8b45efba/media/6a3f9d458ca73a5d8b45f19d/original.mp4,2026-06-27T09:52:07.606Z
6a3f9d448ca73a5d8b45f19a,276.mp4,video,6a339629c83cd92b28887889,Diagnose it,,rajivranjan0013@gmail.com,,users/6a31cf989801f82f3d1633bc/folders/6a3f9d118ca73a5d8b45efba/media/6a3f9d448ca73a5d8b45f19a/original.mp4,https://media.theeasypost.com/users/6a31cf989801f82f3d1633bc/folders/6a3f9d118ca73a5d8b45efba/media/6a3f9d448ca73a5d8b45f19a/original.mp4,2026-06-27T09:52:07.587Z
6a3f9d448ca73a5d8b45f192,262.mp4,video,6a339629c83cd92b28887889,Diagnose it,,rajivranjan0013@gmail.com,,users/6a31cf989801f82f3d1633bc/folders/6a3f9d118ca73a5d8b45efba/media/6a3f9d448ca73a5d8b45f192/original.mp4,https://media.theeasypost.com/users/6a31cf989801f82f3d1633bc/folders/6a3f9d118ca73a5d8b45efba/media/6a3f9d448ca73a5d8b45f192/original.mp4,2026-06-27T09:52:07.043Z
6a3f9d448ca73a5d8b45f194,100.mp4,video,6a339629c83cd92b28887889,Diagnose it,,rajivranjan0013@gmail.com,,users/6a31cf989801f82f3d1633bc/folders/6a3f9d118ca73a5d8b45efba/media/6a3f9d448ca73a5d8b45f194/original.mp4,https://media.theeasypost.com/users/6a31cf989801f82f3d1633bc/folders/6a3f9d118ca73a5d8b45efba/media/6a3f9d448ca73a5d8b45f194/original.mp4,2026-06-27T09:52:07.016Z
6a3f9d448ca73a5d8b45f193,289.mp4,video,6a339629c83cd92b28887889,Diagnose it,,rajivranjan0013@gmail.com,,users/6a31cf989801f82f3d1633bc/folders/6a3f9d118ca73a5d8b45efba/media/6a3f9d448ca73a5d8b45f193/original.mp4,https://media.theeasypost.com/users/6a31cf989801f82f3d1633bc/folders/6a3f9d118ca73a5d8b45efba/media/6a3f9d448ca73a5d8b45f193/original.mp4,2026-06-27T09:52:06.637Z
6a3f9d438ca73a5d8b45f190,128.mp4,video,6a339629c83cd92b28887889,Diagnose it,,rajivranjan0013@gmail.com,,users/6a31cf989801f82f3d1633bc/folders/6a3f9d118ca73a5d8b45efba/media/6a3f9d438ca73a5d8b45f190/original.mp4,https://media.theeasypost.com/users/6a31cf989801f82f3d1633bc/folders/6a3f9d118ca73a5d8b45efba/media/6a3f9d438ca73a5d8b45f190/original.mp4,2026-06-27T09:52:06.621Z
6a3f9d438ca73a5d8b45f18b,15.mp4,video,6a339629c83cd92b28887889,Diagnose it,,rajivranjan0013@gmail.com,,users/6a31cf989801f82f3d1633bc/folders/6a3f9d118ca73a5d8b45efba/media/6a3f9d438ca73a5d8b45f18b/original.mp4,https://media.theeasypost.com/users/6a31cf989801f82f3d1633bc/folders/6a3f9d118ca73a5d8b45efba/media/6a3f9d438ca73a5d8b45f18b/original.mp4,2026-06-27T09:52:06.610Z
6a3f9d438ca73a5d8b45f18a,29.mp4,video,6a339629c83cd92b28887889,Diagnose it,,rajivranjan0013@gmail.com,,users/6a31cf989801f82f3d1633bc/folders/6a3f9d118ca73a5d8b45efba/media/6a3f9d438ca73a5d8b45f18a/original.mp4,https://media.theeasypost.com/users/6a31cf989801f82f3d1633bc/folders/6a3f9d118ca73a5d8b45efba/media/6a3f9d438ca73a5d8b45f18a/original.mp4,2026-06-27T09:52:06.131Z
6a3f9d438ca73a5d8b45f18d,114.mp4,video,6a339629c83cd92b28887889,Diagnose it,,rajivranjan0013@gmail.com,,users/6a31cf989801f82f3d1633bc/folders/6a3f9d118ca73a5d8b45efba/media/6a3f9d438ca73a5d8b45f18d/original.mp4,https://media.theeasypost.com/users/6a31cf989801f82f3d1633bc/folders/6a3f9d118ca73a5d8b45efba/media/6a3f9d438ca73a5d8b45f18d/original.mp4,2026-06-27T09:52:06.113Z
6a3f9d438ca73a5d8b45f189,302.mp4,video,6a339629c83cd92b28887889,Diagnose it,,rajivranjan0013@gmail.com,,users/6a31cf989801f82f3d1633bc/folders/6a3f9d118ca73a5d8b45efba/media/6a3f9d438ca73a5d8b45f189/original.mp4,https://media.theeasypost.com/users/6a31cf989801f82f3d1633bc/folders/6a3f9d118ca73a5d8b45efba/media/6a3f9d438ca73a5d8b45f189/original.mp4,2026-06-27T09:52:06.026Z
6a3f9d428ca73a5d8b45f186,14.mp4,video,6a339629c83cd92b28887889,Diagnose it,,rajivranjan0013@gmail.com,,users/6a31cf989801f82f3d1633bc/folders/6a3f9d118ca73a5d8b45efba/media/6a3f9d428ca73a5d8b45f186/original.mp4,https://media.theeasypost.com/users/6a31cf989801f82f3d1633bc/folders/6a3f9d118ca73a5d8b45efba/media/6a3f9d428ca73a5d8b45f186/original.mp4,2026-06-27T09:52:05.704Z
6a3f9d428ca73a5d8b45f187,317.mp4,video,6a339629c83cd92b28887889,Diagnose it,,rajivranjan0013@gmail.com,,users/6a31cf989801f82f3d1633bc/folders/6a3f9d118ca73a5d8b45efba/media/6a3f9d428ca73a5d8b45f187/original.mp4,https://media.theeasypost.com/users/6a31cf989801f82f3d1633bc/folders/6a3f9d118ca73a5d8b45efba/media/6a3f9d428ca73a5d8b45f187/original.mp4,2026-06-27T09:52:05.263Z
6a3f9d428ca73a5d8b45f184,316.mp4,video,6a339629c83cd92b28887889,Diagnose it,,rajivranjan0013@gmail.com,,users/6a31cf989801f82f3d1633bc/folders/6a3f9d118ca73a5d8b45efba/media/6a3f9d428ca73a5d8b45f184/original.mp4,https://media.theeasypost.com/users/6a31cf989801f82f3d1633bc/folders/6a3f9d118ca73a5d8b45efba/media/6a3f9d428ca73a5d8b45f184/original.mp4,2026-06-27T09:52:05.259Z
6a3f9d428ca73a5d8b45f182,303.mp4,video,6a339629c83cd92b28887889,Diagnose it,,rajivranjan0013@gmail.com,,users/6a31cf989801f82f3d1633bc/folders/6a3f9d118ca73a5d8b45efba/media/6a3f9d428ca73a5d8b45f182/original.mp4,https://media.theeasypost.com/users/6a31cf989801f82f3d1633bc/folders/6a3f9d118ca73a5d8b45efba/media/6a3f9d428ca73a5d8b45f182/original.mp4,2026-06-27T09:52:04.887Z
6a3f9d418ca73a5d8b45f177,129.mp4,video,6a339629c83cd92b28887889,Diagnose it,,rajivranjan0013@gmail.com,,users/6a31cf989801f82f3d1633bc/folders/6a3f9d118ca73a5d8b45efba/media/6a3f9d418ca73a5d8b45f177/original.mp4,https://media.theeasypost.com/users/6a31cf989801f82f3d1633bc/folders/6a3f9d118ca73a5d8b45efba/media/6a3f9d418ca73a5d8b45f177/original.mp4,2026-06-27T09:52:04.866Z
6a3f9d418ca73a5d8b45f17b,101.mp4,video,6a339629c83cd92b28887889,Diagnose it,,rajivranjan0013@gmail.com,,users/6a31cf989801f82f3d1633bc/folders/6a3f9d118ca73a5d8b45efba/media/6a3f9d418ca73a5d8b45f17b/original.mp4,https://media.theeasypost.com/users/6a31cf989801f82f3d1633bc/folders/6a3f9d118ca73a5d8b45efba/media/6a3f9d418ca73a5d8b45f17b/original.mp4,2026-06-27T09:52:04.862Z
6a3f9d3f8ca73a5d8b45f166,16.mp4,video,6a339629c83cd92b28887889,Diagnose it,,rajivranjan0013@gmail.com,,users/6a31cf989801f82f3d1633bc/folders/6a3f9d118ca73a5d8b45efba/media/6a3f9d3f8ca73a5d8b45f166/original.mp4,https://media.theeasypost.com/users/6a31cf989801f82f3d1633bc/folders/6a3f9d118ca73a5d8b45efba/media/6a3f9d3f8ca73a5d8b45f166/original.mp4,2026-06-27T09:52:04.859Z
6a3f9d428ca73a5d8b45f181,28.mp4,video,6a339629c83cd92b28887889,Diagnose it,,rajivranjan0013@gmail.com,,users/6a31cf989801f82f3d1633bc/folders/6a3f9d118ca73a5d8b45efba/media/6a3f9d428ca73a5d8b45f181/original.mp4,https://media.theeasypost.com/users/6a31cf989801f82f3d1633bc/folders/6a3f9d118ca73a5d8b45efba/media/6a3f9d428ca73a5d8b45f181/original.mp4,2026-06-27T09:52:04.851Z
6a3f9d418ca73a5d8b45f17c,115.mp4,video,6a339629c83cd92b28887889,Diagnose it,,rajivranjan0013@gmail.com,,users/6a31cf989801f82f3d1633bc/folders/6a3f9d118ca73a5d8b45efba/media/6a3f9d418ca73a5d8b45f17c/original.mp4,https://media.theeasypost.com/users/6a31cf989801f82f3d1633bc/folders/6a3f9d118ca73a5d8b45efba/media/6a3f9d418ca73a5d8b45f17c/original.mp4,2026-06-27T09:52:04.309Z
6a3f9d418ca73a5d8b45f178,288.mp4,video,6a339629c83cd92b28887889,Diagnose it,,rajivranjan0013@gmail.com,,users/6a31cf989801f82f3d1633bc/folders/6a3f9d118ca73a5d8b45efba/media/6a3f9d418ca73a5d8b45f178/original.mp4,https://media.theeasypost.com/users/6a31cf989801f82f3d1633bc/folders/6a3f9d118ca73a5d8b45efba/media/6a3f9d418ca73a5d8b45f178/original.mp4,2026-06-27T09:52:03.802Z
6a3f9d408ca73a5d8b45f174,277.mp4,video,6a339629c83cd92b28887889,Diagnose it,,rajivranjan0013@gmail.com,,users/6a31cf989801f82f3d1633bc/folders/6a3f9d118ca73a5d8b45efba/media/6a3f9d408ca73a5d8b45f174/original.mp4,https://media.theeasypost.com/users/6a31cf989801f82f3d1633bc/folders/6a3f9d118ca73a5d8b45efba/media/6a3f9d408ca73a5d8b45f174/original.mp4,2026-06-27T09:52:03.759Z
6a3f9d3f8ca73a5d8b45f16b,117.mp4,video,6a339629c83cd92b28887889,Diagnose it,,rajivranjan0013@gmail.com,,users/6a31cf989801f82f3d1633bc/folders/6a3f9d118ca73a5d8b45efba/media/6a3f9d3f8ca73a5d8b45f16b/original.mp4,https://media.theeasypost.com/users/6a31cf989801f82f3d1633bc/folders/6a3f9d118ca73a5d8b45efba/media/6a3f9d3f8ca73a5d8b45f16b/original.mp4,2026-06-27T09:52:03.684Z
6a3f9d408ca73a5d8b45f173,263.mp4,video,6a339629c83cd92b28887889,Diagnose it,,rajivranjan0013@gmail.com,,users/6a31cf989801f82f3d1633bc/folders/6a3f9d118ca73a5d8b45efba/media/6a3f9d408ca73a5d8b45f173/original.mp4,https://media.theeasypost.com/users/6a31cf989801f82f3d1633bc/folders/6a3f9d118ca73a5d8b45efba/media/6a3f9d408ca73a5d8b45f173/original.mp4,2026-06-27T09:52:02.955Z
6a3f9d408ca73a5d8b45f16e,249.mp4,video,6a339629c83cd92b28887889,Diagnose it,,rajivranjan0013@gmail.com,,users/6a31cf989801f82f3d1633bc/folders/6a3f9d118ca73a5d8b45efba/media/6a3f9d408ca73a5d8b45f16e/original.mp4,https://media.theeasypost.com/users/6a31cf989801f82f3d1633bc/folders/6a3f9d118ca73a5d8b45efba/media/6a3f9d408ca73a5d8b45f16e/original.mp4,2026-06-27T09:52:02.603Z
6a3f9d3f8ca73a5d8b45f169,261.mp4,video,6a339629c83cd92b28887889,Diagnose it,,rajivranjan0013@gmail.com,,users/6a31cf989801f82f3d1633bc/folders/6a3f9d118ca73a5d8b45efba/media/6a3f9d3f8ca73a5d8b45f169/original.mp4,https://media.theeasypost.com/users/6a31cf989801f82f3d1633bc/folders/6a3f9d118ca73a5d8b45efba/media/6a3f9d3f8ca73a5d8b45f169/original.mp4,2026-06-27T09:52:02.573Z
6a3f9d3f8ca73a5d8b45f16a,275.mp4,video,6a339629c83cd92b28887889,Diagnose it,,rajivranjan0013@gmail.com,,users/6a31cf989801f82f3d1633bc/folders/6a3f9d118ca73a5d8b45efba/media/6a3f9d3f8ca73a5d8b45f16a/original.mp4,https://media.theeasypost.com/users/6a31cf989801f82f3d1633bc/folders/6a3f9d118ca73a5d8b45efba/media/6a3f9d3f8ca73a5d8b45f16a/original.mp4,2026-06-27T09:52:02.090Z
6a3f9d3f8ca73a5d8b45f164,315.mp4,video,6a339629c83cd92b28887889,Diagnose it,,rajivranjan0013@gmail.com,,users/6a31cf989801f82f3d1633bc/folders/6a3f9d118ca73a5d8b45efba/media/6a3f9d3f8ca73a5d8b45f164/original.mp4,https://media.theeasypost.com/users/6a31cf989801f82f3d1633bc/folders/6a3f9d118ca73a5d8b45efba/media/6a3f9d3f8ca73a5d8b45f164/original.mp4,2026-06-27T09:52:02.062Z
6a3f9d3f8ca73a5d8b45f168,103.mp4,video,6a339629c83cd92b28887889,Diagnose it,,rajivranjan0013@gmail.com,,users/6a31cf989801f82f3d1633bc/folders/6a3f9d118ca73a5d8b45efba/media/6a3f9d3f8ca73a5d8b45f168/original.mp4,https://media.theeasypost.com/users/6a31cf989801f82f3d1633bc/folders/6a3f9d118ca73a5d8b45efba/media/6a3f9d3f8ca73a5d8b45f168/original.mp4,2026-06-27T09:52:01.766Z
6a3f9d3f8ca73a5d8b45f165,329.mp4,video,6a339629c83cd92b28887889,Diagnose it,,rajivranjan0013@gmail.com,,users/6a31cf989801f82f3d1633bc/folders/6a3f9d118ca73a5d8b45efba/media/6a3f9d3f8ca73a5d8b45f165/original.mp4,https://media.theeasypost.com/users/6a31cf989801f82f3d1633bc/folders/6a3f9d118ca73a5d8b45efba/media/6a3f9d3f8ca73a5d8b45f165/original.mp4,2026-06-27T09:52:01.691Z
6a3f9d3e8ca73a5d8b45f15d,300.mp4,video,6a339629c83cd92b28887889,Diagnose it,,rajivranjan0013@gmail.com,,users/6a31cf989801f82f3d1633bc/folders/6a3f9d118ca73a5d8b45efba/media/6a3f9d3e8ca73a5d8b45f15d/original.mp4,https://media.theeasypost.com/users/6a31cf989801f82f3d1633bc/folders/6a3f9d118ca73a5d8b45efba/media/6a3f9d3e8ca73a5d8b45f15d/original.mp4,2026-06-27T09:52:01.360Z
6a3f9d3f8ca73a5d8b45f162,301.mp4,video,6a339629c83cd92b28887889,Diagnose it,,rajivranjan0013@gmail.com,,users/6a31cf989801f82f3d1633bc/folders/6a3f9d118ca73a5d8b45efba/media/6a3f9d3f8ca73a5d8b45f162/original.mp4,https://media.theeasypost.com/users/6a31cf989801f82f3d1633bc/folders/6a3f9d118ca73a5d8b45efba/media/6a3f9d3f8ca73a5d8b45f162/original.mp4,2026-06-27T09:52:01.339Z
6a3f9d3e8ca73a5d8b45f159,17.mp4,video,6a339629c83cd92b28887889,Diagnose it,,rajivranjan0013@gmail.com,,users/6a31cf989801f82f3d1633bc/folders/6a3f9d118ca73a5d8b45efba/media/6a3f9d3e8ca73a5d8b45f159/original.mp4,https://media.theeasypost.com/users/6a31cf989801f82f3d1633bc/folders/6a3f9d118ca73a5d8b45efba/media/6a3f9d3e8ca73a5d8b45f159/original.mp4,2026-06-27T09:52:01.093Z
6a3f9d3e8ca73a5d8b45f15a,328.mp4,video,6a339629c83cd92b28887889,Diagnose it,,rajivranjan0013@gmail.com,,users/6a31cf989801f82f3d1633bc/folders/6a3f9d118ca73a5d8b45efba/media/6a3f9d3e8ca73a5d8b45f15a/original.mp4,https://media.theeasypost.com/users/6a31cf989801f82f3d1633bc/folders/6a3f9d118ca73a5d8b45efba/media/6a3f9d3e8ca73a5d8b45f15a/original.mp4,2026-06-27T09:52:00.973Z
6a3f9d3e8ca73a5d8b45f15e,314.mp4,video,6a339629c83cd92b28887889,Diagnose it,,rajivranjan0013@gmail.com,,users/6a31cf989801f82f3d1633bc/folders/6a3f9d118ca73a5d8b45efba/media/6a3f9d3e8ca73a5d8b45f15e/original.mp4,https://media.theeasypost.com/users/6a31cf989801f82f3d1633bc/folders/6a3f9d118ca73a5d8b45efba/media/6a3f9d3e8ca73a5d8b45f15e/original.mp4,2026-06-27T09:52:00.708Z
6a3f9d3d8ca73a5d8b45f158,102.mp4,video,6a339629c83cd92b28887889,Diagnose it,,rajivranjan0013@gmail.com,,users/6a31cf989801f82f3d1633bc/folders/6a3f9d118ca73a5d8b45efba/media/6a3f9d3d8ca73a5d8b45f158/original.mp4,https://media.theeasypost.com/users/6a31cf989801f82f3d1633bc/folders/6a3f9d118ca73a5d8b45efba/media/6a3f9d3d8ca73a5d8b45f158/original.mp4,2026-06-27T09:52:00.340Z
6a3f9d3d8ca73a5d8b45f155,274.mp4,video,6a339629c83cd92b28887889,Diagnose it,,rajivranjan0013@gmail.com,,users/6a31cf989801f82f3d1633bc/folders/6a3f9d118ca73a5d8b45efba/media/6a3f9d3d8ca73a5d8b45f155/original.mp4,https://media.theeasypost.com/users/6a31cf989801f82f3d1633bc/folders/6a3f9d118ca73a5d8b45efba/media/6a3f9d3d8ca73a5d8b45f155/original.mp4,2026-06-27T09:52:00.336Z
6a3f9d3d8ca73a5d8b45f14f,248.mp4,video,6a339629c83cd92b28887889,Diagnose it,,rajivranjan0013@gmail.com,,users/6a31cf989801f82f3d1633bc/folders/6a3f9d118ca73a5d8b45efba/media/6a3f9d3d8ca73a5d8b45f14f/original.mp4,https://media.theeasypost.com/users/6a31cf989801f82f3d1633bc/folders/6a3f9d118ca73a5d8b45efba/media/6a3f9d3d8ca73a5d8b45f14f/original.mp4,2026-06-27T09:52:00.330Z
6a3f9d3d8ca73a5d8b45f151,260.mp4,video,6a339629c83cd92b28887889,Diagnose it,,rajivranjan0013@gmail.com,,users/6a31cf989801f82f3d1633bc/folders/6a3f9d118ca73a5d8b45efba/media/6a3f9d3d8ca73a5d8b45f151/original.mp4,https://media.theeasypost.com/users/6a31cf989801f82f3d1633bc/folders/6a3f9d118ca73a5d8b45efba/media/6a3f9d3d8ca73a5d8b45f151/original.mp4,2026-06-27T09:52:00.136Z
6a3f9d3d8ca73a5d8b45f157,116.mp4,video,6a339629c83cd92b28887889,Diagnose it,,rajivranjan0013@gmail.com,,users/6a31cf989801f82f3d1633bc/folders/6a3f9d118ca73a5d8b45efba/media/6a3f9d3d8ca73a5d8b45f157/original.mp4,https://media.theeasypost.com/users/6a31cf989801f82f3d1633bc/folders/6a3f9d118ca73a5d8b45efba/media/6a3f9d3d8ca73a5d8b45f157/original.mp4,2026-06-27T09:52:00.062Z
6a3f9d3c8ca73a5d8b45f14a,133.mp4,video,6a339629c83cd92b28887889,Diagnose it,,rajivranjan0013@gmail.com,,users/6a31cf989801f82f3d1633bc/folders/6a3f9d118ca73a5d8b45efba/media/6a3f9d3c8ca73a5d8b45f14a/original.mp4,https://media.theeasypost.com/users/6a31cf989801f82f3d1633bc/folders/6a3f9d118ca73a5d8b45efba/media/6a3f9d3c8ca73a5d8b45f14a/original.mp4,2026-06-27T09:51:59.567Z
6a3f9d3d8ca73a5d8b45f14c,245.mp4,video,6a339629c83cd92b28887889,Diagnose it,,rajivranjan0013@gmail.com,,users/6a31cf989801f82f3d1633bc/folders/6a3f9d118ca73a5d8b45efba/media/6a3f9d3d8ca73a5d8b45f14c/original.mp4,https://media.theeasypost.com/users/6a31cf989801f82f3d1633bc/folders/6a3f9d118ca73a5d8b45efba/media/6a3f9d3d8ca73a5d8b45f14c/original.mp4,2026-06-27T09:51:59.373Z
6a3f9d3c8ca73a5d8b45f147,251.mp4,video,6a339629c83cd92b28887889,Diagnose it,,rajivranjan0013@gmail.com,,users/6a31cf989801f82f3d1633bc/folders/6a3f9d118ca73a5d8b45efba/media/6a3f9d3c8ca73a5d8b45f147/original.mp4,https://media.theeasypost.com/users/6a31cf989801f82f3d1633bc/folders/6a3f9d118ca73a5d8b45efba/media/6a3f9d3c8ca73a5d8b45f147/original.mp4,2026-06-27T09:51:59.041Z
6a3f9d3c8ca73a5d8b45f146,279.mp4,video,6a339629c83cd92b28887889,Diagnose it,,rajivranjan0013@gmail.com,,users/6a31cf989801f82f3d1633bc/folders/6a3f9d118ca73a5d8b45efba/media/6a3f9d3c8ca73a5d8b45f146/original.mp4,https://media.theeasypost.com/users/6a31cf989801f82f3d1633bc/folders/6a3f9d118ca73a5d8b45efba/media/6a3f9d3c8ca73a5d8b45f146/original.mp4,2026-06-27T09:51:58.654Z
6a3f9d3c8ca73a5d8b45f144,286.mp4,video,6a339629c83cd92b28887889,Diagnose it,,rajivranjan0013@gmail.com,,users/6a31cf989801f82f3d1633bc/folders/6a3f9d118ca73a5d8b45efba/media/6a3f9d3c8ca73a5d8b45f144/original.mp4,https://media.theeasypost.com/users/6a31cf989801f82f3d1633bc/folders/6a3f9d118ca73a5d8b45efba/media/6a3f9d3c8ca73a5d8b45f144/original.mp4,2026-06-27T09:51:58.632Z
6a3f9d3c8ca73a5d8b45f143,292.mp4,video,6a339629c83cd92b28887889,Diagnose it,,rajivranjan0013@gmail.com,,users/6a31cf989801f82f3d1633bc/folders/6a3f9d118ca73a5d8b45efba/media/6a3f9d3c8ca73a5d8b45f143/original.mp4,https://media.theeasypost.com/users/6a31cf989801f82f3d1633bc/folders/6a3f9d118ca73a5d8b45efba/media/6a3f9d3c8ca73a5d8b45f143/original.mp4,2026-06-27T09:51:58.291Z
6a3f9d3b8ca73a5d8b45f140,127.mp4,video,6a339629c83cd92b28887889,Diagnose it,,rajivranjan0013@gmail.com,,users/6a31cf989801f82f3d1633bc/folders/6a3f9d118ca73a5d8b45efba/media/6a3f9d3b8ca73a5d8b45f140/original.mp4,https://media.theeasypost.com/users/6a31cf989801f82f3d1633bc/folders/6a3f9d118ca73a5d8b45efba/media/6a3f9d3b8ca73a5d8b45f140/original.mp4,2026-06-27T09:51:58.278Z
6a3f9d3b8ca73a5d8b45f13f,32.mp4,video,6a339629c83cd92b28887889,Diagnose it,,rajivranjan0013@gmail.com,,users/6a31cf989801f82f3d1633bc/folders/6a3f9d118ca73a5d8b45efba/media/6a3f9d3b8ca73a5d8b45f13f/original.mp4,https://media.theeasypost.com/users/6a31cf989801f82f3d1633bc/folders/6a3f9d118ca73a5d8b45efba/media/6a3f9d3b8ca73a5d8b45f13f/original.mp4,2026-06-27T09:51:57.841Z
6a3f9d3b8ca73a5d8b45f13a,331.mp4,video,6a339629c83cd92b28887889,Diagnose it,,rajivranjan0013@gmail.com,,users/6a31cf989801f82f3d1633bc/folders/6a3f9d118ca73a5d8b45efba/media/6a3f9d3b8ca73a5d8b45f13a/original.mp4,https://media.theeasypost.com/users/6a31cf989801f82f3d1633bc/folders/6a3f9d118ca73a5d8b45efba/media/6a3f9d3b8ca73a5d8b45f13a/original.mp4,2026-06-27T09:51:57.730Z
6a3f9d3b8ca73a5d8b45f139,325.mp4,video,6a339629c83cd92b28887889,Diagnose it,,rajivranjan0013@gmail.com,,users/6a31cf989801f82f3d1633bc/folders/6a3f9d118ca73a5d8b45efba/media/6a3f9d3b8ca73a5d8b45f139/original.mp4,https://media.theeasypost.com/users/6a31cf989801f82f3d1633bc/folders/6a3f9d118ca73a5d8b45efba/media/6a3f9d3b8ca73a5d8b45f139/original.mp4,2026-06-27T09:51:57.722Z
6a3f9d3b8ca73a5d8b45f13c,26.mp4,video,6a339629c83cd92b28887889,Diagnose it,,rajivranjan0013@gmail.com,,users/6a31cf989801f82f3d1633bc/folders/6a3f9d118ca73a5d8b45efba/media/6a3f9d3b8ca73a5d8b45f13c/original.mp4,https://media.theeasypost.com/users/6a31cf989801f82f3d1633bc/folders/6a3f9d118ca73a5d8b45efba/media/6a3f9d3b8ca73a5d8b45f13c/original.mp4,2026-06-27T09:51:57.428Z
6a3f9d398ca73a5d8b45f12f,330.mp4,video,6a339629c83cd92b28887889,Diagnose it,,rajivranjan0013@gmail.com,,users/6a31cf989801f82f3d1633bc/folders/6a3f9d118ca73a5d8b45efba/media/6a3f9d398ca73a5d8b45f12f/original.mp4,https://media.theeasypost.com/users/6a31cf989801f82f3d1633bc/folders/6a3f9d118ca73a5d8b45efba/media/6a3f9d398ca73a5d8b45f12f/original.mp4,2026-06-27T09:51:57.216Z
6a3f9d3a8ca73a5d8b45f134,319.mp4,video,6a339629c83cd92b28887889,Diagnose it,,rajivranjan0013@gmail.com,,users/6a31cf989801f82f3d1633bc/folders/6a3f9d118ca73a5d8b45efba/media/6a3f9d3a8ca73a5d8b45f134/original.mp4,https://media.theeasypost.com/users/6a31cf989801f82f3d1633bc/folders/6a3f9d118ca73a5d8b45efba/media/6a3f9d3a8ca73a5d8b45f134/original.mp4,2026-06-27T09:51:57.096Z
6a3f9d3a8ca73a5d8b45f133,318.mp4,video,6a339629c83cd92b28887889,Diagnose it,,rajivranjan0013@gmail.com,,users/6a31cf989801f82f3d1633bc/folders/6a3f9d118ca73a5d8b45efba/media/6a3f9d3a8ca73a5d8b45f133/original.mp4,https://media.theeasypost.com/users/6a31cf989801f82f3d1633bc/folders/6a3f9d118ca73a5d8b45efba/media/6a3f9d3a8ca73a5d8b45f133/original.mp4,2026-06-27T09:51:57.023Z
6a3f9d398ca73a5d8b45f131,324.mp4,video,6a339629c83cd92b28887889,Diagnose it,,rajivranjan0013@gmail.com,,users/6a31cf989801f82f3d1633bc/folders/6a3f9d118ca73a5d8b45efba/media/6a3f9d398ca73a5d8b45f131/original.mp4,https://media.theeasypost.com/users/6a31cf989801f82f3d1633bc/folders/6a3f9d118ca73a5d8b45efba/media/6a3f9d398ca73a5d8b45f131/original.mp4,2026-06-27T09:51:56.986Z
6a3f9d388ca73a5d8b45f125,293.mp4,video,6a339629c83cd92b28887889,Diagnose it,,rajivranjan0013@gmail.com,,users/6a31cf989801f82f3d1633bc/folders/6a3f9d118ca73a5d8b45efba/media/6a3f9d388ca73a5d8b45f125/original.mp4,https://media.theeasypost.com/users/6a31cf989801f82f3d1633bc/folders/6a3f9d118ca73a5d8b45efba/media/6a3f9d388ca73a5d8b45f125/original.mp4,2026-06-27T09:51:56.706Z
6a3f9d398ca73a5d8b45f12e,27.mp4,video,6a339629c83cd92b28887889,Diagnose it,,rajivranjan0013@gmail.com,,users/6a31cf989801f82f3d1633bc/folders/6a3f9d118ca73a5d8b45efba/media/6a3f9d398ca73a5d8b45f12e/original.mp4,https://media.theeasypost.com/users/6a31cf989801f82f3d1633bc/folders/6a3f9d118ca73a5d8b45efba/media/6a3f9d398ca73a5d8b45f12e/original.mp4,2026-06-27T09:51:56.682Z
6a3f9d398ca73a5d8b45f12d,33.mp4,video,6a339629c83cd92b28887889,Diagnose it,,rajivranjan0013@gmail.com,,users/6a31cf989801f82f3d1633bc/folders/6a3f9d118ca73a5d8b45efba/media/6a3f9d398ca73a5d8b45f12d/original.mp4,https://media.theeasypost.com/users/6a31cf989801f82f3d1633bc/folders/6a3f9d118ca73a5d8b45efba/media/6a3f9d398ca73a5d8b45f12d/original.mp4,2026-06-27T09:51:56.412Z
6a3f9d398ca73a5d8b45f12a,126.mp4,video,6a339629c83cd92b28887889,Diagnose it,,rajivranjan0013@gmail.com,,users/6a31cf989801f82f3d1633bc/folders/6a3f9d118ca73a5d8b45efba/media/6a3f9d398ca73a5d8b45f12a/original.mp4,https://media.theeasypost.com/users/6a31cf989801f82f3d1633bc/folders/6a3f9d118ca73a5d8b45efba/media/6a3f9d398ca73a5d8b45f12a/original.mp4,2026-06-27T09:51:56.106Z
6a3f9d388ca73a5d8b45f126,132.mp4,video,6a339629c83cd92b28887889,Diagnose it,,rajivranjan0013@gmail.com,,users/6a31cf989801f82f3d1633bc/folders/6a3f9d118ca73a5d8b45efba/media/6a3f9d388ca73a5d8b45f126/original.mp4,https://media.theeasypost.com/users/6a31cf989801f82f3d1633bc/folders/6a3f9d118ca73a5d8b45efba/media/6a3f9d388ca73a5d8b45f126/original.mp4,2026-06-27T09:51:56.068Z
6a3f9d388ca73a5d8b45f124,278.mp4,video,6a339629c83cd92b28887889,Diagnose it,,rajivranjan0013@gmail.com,,users/6a31cf989801f82f3d1633bc/folders/6a3f9d118ca73a5d8b45efba/media/6a3f9d388ca73a5d8b45f124/original.mp4,https://media.theeasypost.com/users/6a31cf989801f82f3d1633bc/folders/6a3f9d118ca73a5d8b45efba/media/6a3f9d388ca73a5d8b45f124/original.mp4,2026-06-27T09:51:55.534Z
6a3f9d388ca73a5d8b45f123,287.mp4,video,6a339629c83cd92b28887889,Diagnose it,,rajivranjan0013@gmail.com,,users/6a31cf989801f82f3d1633bc/folders/6a3f9d118ca73a5d8b45efba/media/6a3f9d388ca73a5d8b45f123/original.mp4,https://media.theeasypost.com/users/6a31cf989801f82f3d1633bc/folders/6a3f9d118ca73a5d8b45efba/media/6a3f9d388ca73a5d8b45f123/original.mp4,2026-06-27T09:51:55.517Z
6a3f9d388ca73a5d8b45f11e,246.mp4,video,6a339629c83cd92b28887889,Diagnose it,,rajivranjan0013@gmail.com,,users/6a31cf989801f82f3d1633bc/folders/6a3f9d118ca73a5d8b45efba/media/6a3f9d388ca73a5d8b45f11e/original.mp4,https://media.theeasypost.com/users/6a31cf989801f82f3d1633bc/folders/6a3f9d118ca73a5d8b45efba/media/6a3f9d388ca73a5d8b45f11e/original.mp4,2026-06-27T09:51:55.234Z
6a3f9d368ca73a5d8b45f113,124.mp4,video,6a339629c83cd92b28887889,Diagnose it,,rajivranjan0013@gmail.com,,users/6a31cf989801f82f3d1633bc/folders/6a3f9d118ca73a5d8b45efba/media/6a3f9d368ca73a5d8b45f113/original.mp4,https://media.theeasypost.com/users/6a31cf989801f82f3d1633bc/folders/6a3f9d118ca73a5d8b45efba/media/6a3f9d368ca73a5d8b45f113/original.mp4,2026-06-27T09:51:55.105Z
6a3f9d388ca73a5d8b45f11f,252.mp4,video,6a339629c83cd92b28887889,Diagnose it,,rajivranjan0013@gmail.com,,users/6a31cf989801f82f3d1633bc/folders/6a3f9d118ca73a5d8b45efba/media/6a3f9d388ca73a5d8b45f11f/original.mp4,https://media.theeasypost.com/users/6a31cf989801f82f3d1633bc/folders/6a3f9d118ca73a5d8b45efba/media/6a3f9d388ca73a5d8b45f11f/original.mp4,2026-06-27T09:51:54.830Z
6a3f9d378ca73a5d8b45f11a,244.mp4,video,6a339629c83cd92b28887889,Diagnose it,,rajivranjan0013@gmail.com,,users/6a31cf989801f82f3d1633bc/folders/6a3f9d118ca73a5d8b45efba/media/6a3f9d378ca73a5d8b45f11a/original.mp4,https://media.theeasypost.com/users/6a31cf989801f82f3d1633bc/folders/6a3f9d118ca73a5d8b45efba/media/6a3f9d378ca73a5d8b45f11a/original.mp4,2026-06-27T09:51:54.666Z
6a3f9d378ca73a5d8b45f11d,250.mp4,video,6a339629c83cd92b28887889,Diagnose it,,rajivranjan0013@gmail.com,,users/6a31cf989801f82f3d1633bc/folders/6a3f9d118ca73a5d8b45efba/media/6a3f9d378ca73a5d8b45f11d/original.mp4,https://media.theeasypost.com/users/6a31cf989801f82f3d1633bc/folders/6a3f9d118ca73a5d8b45efba/media/6a3f9d378ca73a5d8b45f11d/original.mp4,2026-06-27T09:51:54.609Z
6a3f9d378ca73a5d8b45f117,291.mp4,video,6a339629c83cd92b28887889,Diagnose it,,rajivranjan0013@gmail.com,,users/6a31cf989801f82f3d1633bc/folders/6a3f9d118ca73a5d8b45efba/media/6a3f9d378ca73a5d8b45f117/original.mp4,https://media.theeasypost.com/users/6a31cf989801f82f3d1633bc/folders/6a3f9d118ca73a5d8b45efba/media/6a3f9d378ca73a5d8b45f117/original.mp4,2026-06-27T09:51:54.182Z
6a3f9d368ca73a5d8b45f114,130.mp4,video,6a339629c83cd92b28887889,Diagnose it,,rajivranjan0013@gmail.com,,users/6a31cf989801f82f3d1633bc/folders/6a3f9d118ca73a5d8b45efba/media/6a3f9d368ca73a5d8b45f114/original.mp4,https://media.theeasypost.com/users/6a31cf989801f82f3d1633bc/folders/6a3f9d118ca73a5d8b45efba/media/6a3f9d368ca73a5d8b45f114/original.mp4,2026-06-27T09:51:53.839Z
6a3f9d368ca73a5d8b45f112,118.mp4,video,6a339629c83cd92b28887889,Diagnose it,,rajivranjan0013@gmail.com,,users/6a31cf989801f82f3d1633bc/folders/6a3f9d118ca73a5d8b45efba/media/6a3f9d368ca73a5d8b45f112/original.mp4,https://media.theeasypost.com/users/6a31cf989801f82f3d1633bc/folders/6a3f9d118ca73a5d8b45efba/media/6a3f9d368ca73a5d8b45f112/original.mp4,2026-06-27T09:51:53.560Z
6a3f9d368ca73a5d8b45f115,285.mp4,video,6a339629c83cd92b28887889,Diagnose it,,rajivranjan0013@gmail.com,,users/6a31cf989801f82f3d1633bc/folders/6a3f9d118ca73a5d8b45efba/media/6a3f9d368ca73a5d8b45f115/original.mp4,https://media.theeasypost.com/users/6a31cf989801f82f3d1633bc/folders/6a3f9d118ca73a5d8b45efba/media/6a3f9d368ca73a5d8b45f115/original.mp4,2026-06-27T09:51:53.519Z
6a3f9d368ca73a5d8b45f110,19.mp4,video,6a339629c83cd92b28887889,Diagnose it,,rajivranjan0013@gmail.com,,users/6a31cf989801f82f3d1633bc/folders/6a3f9d118ca73a5d8b45efba/media/6a3f9d368ca73a5d8b45f110/original.mp4,https://media.theeasypost.com/users/6a31cf989801f82f3d1633bc/folders/6a3f9d118ca73a5d8b45efba/media/6a3f9d368ca73a5d8b45f110/original.mp4,2026-06-27T09:51:52.919Z
6a3f9d368ca73a5d8b45f10d,31.mp4,video,6a339629c83cd92b28887889,Diagnose it,,rajivranjan0013@gmail.com,,users/6a31cf989801f82f3d1633bc/folders/6a3f9d118ca73a5d8b45efba/media/6a3f9d368ca73a5d8b45f10d/original.mp4,https://media.theeasypost.com/users/6a31cf989801f82f3d1633bc/folders/6a3f9d118ca73a5d8b45efba/media/6a3f9d368ca73a5d8b45f10d/original.mp4,2026-06-27T09:51:52.907Z
6a3f9d368ca73a5d8b45f10f,25.mp4,video,6a339629c83cd92b28887889,Diagnose it,,rajivranjan0013@gmail.com,,users/6a31cf989801f82f3d1633bc/folders/6a3f9d118ca73a5d8b45efba/media/6a3f9d368ca73a5d8b45f10f/original.mp4,https://media.theeasypost.com/users/6a31cf989801f82f3d1633bc/folders/6a3f9d118ca73a5d8b45efba/media/6a3f9d368ca73a5d8b45f10f/original.mp4,2026-06-27T09:51:52.671Z
6a3f9d368ca73a5d8b45f10c,333.mp4,video,6a339629c83cd92b28887889,Diagnose it,,rajivranjan0013@gmail.com,,users/6a31cf989801f82f3d1633bc/folders/6a3f9d118ca73a5d8b45efba/media/6a3f9d368ca73a5d8b45f10c/original.mp4,https://media.theeasypost.com/users/6a31cf989801f82f3d1633bc/folders/6a3f9d118ca73a5d8b45efba/media/6a3f9d368ca73a5d8b45f10c/original.mp4,2026-06-27T09:51:52.446Z
6a3f9d358ca73a5d8b45f108,332.mp4,video,6a339629c83cd92b28887889,Diagnose it,,rajivranjan0013@gmail.com,,users/6a31cf989801f82f3d1633bc/folders/6a3f9d118ca73a5d8b45efba/media/6a3f9d358ca73a5d8b45f108/original.mp4,https://media.theeasypost.com/users/6a31cf989801f82f3d1633bc/folders/6a3f9d118ca73a5d8b45efba/media/6a3f9d358ca73a5d8b45f108/original.mp4,2026-06-27T09:51:52.140Z
6a3f9d358ca73a5d8b45f109,326.mp4,video,6a339629c83cd92b28887889,Diagnose it,,rajivranjan0013@gmail.com,,users/6a31cf989801f82f3d1633bc/folders/6a3f9d118ca73a5d8b45efba/media/6a3f9d358ca73a5d8b45f109/original.mp4,https://media.theeasypost.com/users/6a31cf989801f82f3d1633bc/folders/6a3f9d118ca73a5d8b45efba/media/6a3f9d358ca73a5d8b45f109/original.mp4,2026-06-27T09:51:52.099Z
6a3f9d358ca73a5d8b45f0ff,30.mp4,video,6a339629c83cd92b28887889,Diagnose it,,rajivranjan0013@gmail.com,,users/6a31cf989801f82f3d1633bc/folders/6a3f9d118ca73a5d8b45efba/media/6a3f9d358ca73a5d8b45f0ff/original.mp4,https://media.theeasypost.com/users/6a31cf989801f82f3d1633bc/folders/6a3f9d118ca73a5d8b45efba/media/6a3f9d358ca73a5d8b45f0ff/original.mp4,2026-06-27T09:51:51.650Z
6a3f9d348ca73a5d8b45f0fe,24.mp4,video,6a339629c83cd92b28887889,Diagnose it,,rajivranjan0013@gmail.com,,users/6a31cf989801f82f3d1633bc/folders/6a3f9d118ca73a5d8b45efba/media/6a3f9d348ca73a5d8b45f0fe/original.mp4,https://media.theeasypost.com/users/6a31cf989801f82f3d1633bc/folders/6a3f9d118ca73a5d8b45efba/media/6a3f9d348ca73a5d8b45f0fe/original.mp4,2026-06-27T09:51:51.445Z
6a3f9d358ca73a5d8b45f100,327.mp4,video,6a339629c83cd92b28887889,Diagnose it,,rajivranjan0013@gmail.com,,users/6a31cf989801f82f3d1633bc/folders/6a3f9d118ca73a5d8b45efba/media/6a3f9d358ca73a5d8b45f100/original.mp4,https://media.theeasypost.com/users/6a31cf989801f82f3d1633bc/folders/6a3f9d118ca73a5d8b45efba/media/6a3f9d358ca73a5d8b45f100/original.mp4,2026-06-27T09:51:51.384Z
6a3f9d348ca73a5d8b45f0fb,119.mp4,video,6a339629c83cd92b28887889,Diagnose it,,rajivranjan0013@gmail.com,,users/6a31cf989801f82f3d1633bc/folders/6a3f9d118ca73a5d8b45efba/media/6a3f9d348ca73a5d8b45f0fb/original.mp4,https://media.theeasypost.com/users/6a31cf989801f82f3d1633bc/folders/6a3f9d118ca73a5d8b45efba/media/6a3f9d348ca73a5d8b45f0fb/original.mp4,2026-06-27T09:51:51.132Z
6a3f9d348ca73a5d8b45f0fc,18.mp4,video,6a339629c83cd92b28887889,Diagnose it,,rajivranjan0013@gmail.com,,users/6a31cf989801f82f3d1633bc/folders/6a3f9d118ca73a5d8b45efba/media/6a3f9d348ca73a5d8b45f0fc/original.mp4,https://media.theeasypost.com/users/6a31cf989801f82f3d1633bc/folders/6a3f9d118ca73a5d8b45efba/media/6a3f9d348ca73a5d8b45f0fc/original.mp4,2026-06-27T09:51:50.963Z
6a3f9d348ca73a5d8b45f0fa,131.mp4,video,6a339629c83cd92b28887889,Diagnose it,,rajivranjan0013@gmail.com,,users/6a31cf989801f82f3d1633bc/folders/6a3f9d118ca73a5d8b45efba/media/6a3f9d348ca73a5d8b45f0fa/original.mp4,https://media.theeasypost.com/users/6a31cf989801f82f3d1633bc/folders/6a3f9d118ca73a5d8b45efba/media/6a3f9d348ca73a5d8b45f0fa/original.mp4,2026-06-27T09:51:50.637Z
6a3f9d338ca73a5d8b45f0f6,125.mp4,video,6a339629c83cd92b28887889,Diagnose it,,rajivranjan0013@gmail.com,,users/6a31cf989801f82f3d1633bc/folders/6a3f9d118ca73a5d8b45efba/media/6a3f9d338ca73a5d8b45f0f6/original.mp4,https://media.theeasypost.com/users/6a31cf989801f82f3d1633bc/folders/6a3f9d118ca73a5d8b45efba/media/6a3f9d338ca73a5d8b45f0f6/original.mp4,2026-06-27T09:51:50.281Z
6a3f9d338ca73a5d8b45f0f1,284.mp4,video,6a339629c83cd92b28887889,Diagnose it,,rajivranjan0013@gmail.com,,users/6a31cf989801f82f3d1633bc/folders/6a3f9d118ca73a5d8b45efba/media/6a3f9d338ca73a5d8b45f0f1/original.mp4,https://media.theeasypost.com/users/6a31cf989801f82f3d1633bc/folders/6a3f9d118ca73a5d8b45efba/media/6a3f9d338ca73a5d8b45f0f1/original.mp4,2026-06-27T09:51:49.891Z
6a3f9d328ca73a5d8b45f0ec,253.mp4,video,6a339629c83cd92b28887889,Diagnose it,,rajivranjan0013@gmail.com,,users/6a31cf989801f82f3d1633bc/folders/6a3f9d118ca73a5d8b45efba/media/6a3f9d328ca73a5d8b45f0ec/original.mp4,https://media.theeasypost.com/users/6a31cf989801f82f3d1633bc/folders/6a3f9d118ca73a5d8b45efba/media/6a3f9d328ca73a5d8b45f0ec/original.mp4,2026-06-27T09:51:49.884Z
6a3f9d338ca73a5d8b45f0f0,290.mp4,video,6a339629c83cd92b28887889,Diagnose it,,rajivranjan0013@gmail.com,,users/6a31cf989801f82f3d1633bc/folders/6a3f9d118ca73a5d8b45efba/media/6a3f9d338ca73a5d8b45f0f0/original.mp4,https://media.theeasypost.com/users/6a31cf989801f82f3d1633bc/folders/6a3f9d118ca73a5d8b45efba/media/6a3f9d338ca73a5d8b45f0f0/original.mp4,2026-06-27T09:51:49.794Z
6a3f9d308ca73a5d8b45f0dd,34.mp4,video,6a339629c83cd92b28887889,Diagnose it,,rajivranjan0013@gmail.com,,users/6a31cf989801f82f3d1633bc/folders/6a3f9d118ca73a5d8b45efba/media/6a3f9d308ca73a5d8b45f0dd/original.mp4,https://media.theeasypost.com/users/6a31cf989801f82f3d1633bc/folders/6a3f9d118ca73a5d8b45efba/media/6a3f9d308ca73a5d8b45f0dd/original.mp4,2026-06-27T09:51:49.462Z
6a3f9d328ca73a5d8b45f0ee,247.mp4,video,6a339629c83cd92b28887889,Diagnose it,,rajivranjan0013@gmail.com,,users/6a31cf989801f82f3d1633bc/folders/6a3f9d118ca73a5d8b45efba/media/6a3f9d328ca73a5d8b45f0ee/original.mp4,https://media.theeasypost.com/users/6a31cf989801f82f3d1633bc/folders/6a3f9d118ca73a5d8b45efba/media/6a3f9d328ca73a5d8b45f0ee/original.mp4,2026-06-27T09:51:49.388Z
6a3f9d328ca73a5d8b45f0ea,257.mp4,video,6a339629c83cd92b28887889,Diagnose it,,rajivranjan0013@gmail.com,,users/6a31cf989801f82f3d1633bc/folders/6a3f9d118ca73a5d8b45efba/media/6a3f9d328ca73a5d8b45f0ea/original.mp4,https://media.theeasypost.com/users/6a31cf989801f82f3d1633bc/folders/6a3f9d118ca73a5d8b45efba/media/6a3f9d328ca73a5d8b45f0ea/original.mp4,2026-06-27T09:51:49.369Z
6a3f9d328ca73a5d8b45f0e8,243.mp4,video,6a339629c83cd92b28887889,Diagnose it,,rajivranjan0013@gmail.com,,users/6a31cf989801f82f3d1633bc/folders/6a3f9d118ca73a5d8b45efba/media/6a3f9d328ca73a5d8b45f0e8/original.mp4,https://media.theeasypost.com/users/6a31cf989801f82f3d1633bc/folders/6a3f9d118ca73a5d8b45efba/media/6a3f9d328ca73a5d8b45f0e8/original.mp4,2026-06-27T09:51:49.168Z
6a3f9d318ca73a5d8b45f0e5,109.mp4,video,6a339629c83cd92b28887889,Diagnose it,,rajivranjan0013@gmail.com,,users/6a31cf989801f82f3d1633bc/folders/6a3f9d118ca73a5d8b45efba/media/6a3f9d318ca73a5d8b45f0e5/original.mp4,https://media.theeasypost.com/users/6a31cf989801f82f3d1633bc/folders/6a3f9d118ca73a5d8b45efba/media/6a3f9d318ca73a5d8b45f0e5/original.mp4,2026-06-27T09:51:49.165Z
6a3f9d328ca73a5d8b45f0e9,294.mp4,video,6a339629c83cd92b28887889,Diagnose it,,rajivranjan0013@gmail.com,,users/6a31cf989801f82f3d1633bc/folders/6a3f9d118ca73a5d8b45efba/media/6a3f9d328ca73a5d8b45f0e9/original.mp4,https://media.theeasypost.com/users/6a31cf989801f82f3d1633bc/folders/6a3f9d118ca73a5d8b45efba/media/6a3f9d328ca73a5d8b45f0e9/original.mp4,2026-06-27T09:51:49.160Z
6a3f9d2f8ca73a5d8b45f0cc,120.mp4,video,6a339629c83cd92b28887889,Diagnose it,,rajivranjan0013@gmail.com,,users/6a31cf989801f82f3d1633bc/folders/6a3f9d118ca73a5d8b45efba/media/6a3f9d2f8ca73a5d8b45f0cc/original.mp4,https://media.theeasypost.com/users/6a31cf989801f82f3d1633bc/folders/6a3f9d118ca73a5d8b45efba/media/6a3f9d2f8ca73a5d8b45f0cc/original.mp4,2026-06-27T09:51:48.956Z
6a3f9d318ca73a5d8b45f0e2,135.mp4,video,6a339629c83cd92b28887889,Diagnose it,,rajivranjan0013@gmail.com,,users/6a31cf989801f82f3d1633bc/folders/6a3f9d118ca73a5d8b45efba/media/6a3f9d318ca73a5d8b45f0e2/original.mp4,https://media.theeasypost.com/users/6a31cf989801f82f3d1633bc/folders/6a3f9d118ca73a5d8b45efba/media/6a3f9d318ca73a5d8b45f0e2/original.mp4,2026-06-27T09:51:48.424Z
6a3f9d318ca73a5d8b45f0e1,121.mp4,video,6a339629c83cd92b28887889,Diagnose it,,rajivranjan0013@gmail.com,,users/6a31cf989801f82f3d1633bc/folders/6a3f9d118ca73a5d8b45efba/media/6a3f9d318ca73a5d8b45f0e1/original.mp4,https://media.theeasypost.com/users/6a31cf989801f82f3d1633bc/folders/6a3f9d118ca73a5d8b45efba/media/6a3f9d318ca73a5d8b45f0e1/original.mp4,2026-06-27T09:51:48.394Z
6a3f9d318ca73a5d8b45f0e3,280.mp4,video,6a339629c83cd92b28887889,Diagnose it,,rajivranjan0013@gmail.com,,users/6a31cf989801f82f3d1633bc/folders/6a3f9d118ca73a5d8b45efba/media/6a3f9d318ca73a5d8b45f0e3/original.mp4,https://media.theeasypost.com/users/6a31cf989801f82f3d1633bc/folders/6a3f9d118ca73a5d8b45efba/media/6a3f9d318ca73a5d8b45f0e3/original.mp4,2026-06-27T09:51:48.321Z
6a3f9d308ca73a5d8b45f0d9,134.mp4,video,6a339629c83cd92b28887889,Diagnose it,,rajivranjan0013@gmail.com,,users/6a31cf989801f82f3d1633bc/folders/6a3f9d118ca73a5d8b45efba/media/6a3f9d308ca73a5d8b45f0d9/original.mp4,https://media.theeasypost.com/users/6a31cf989801f82f3d1633bc/folders/6a3f9d118ca73a5d8b45efba/media/6a3f9d308ca73a5d8b45f0d9/original.mp4,2026-06-27T09:51:47.889Z
6a3f9d308ca73a5d8b45f0db,323.mp4,video,6a339629c83cd92b28887889,Diagnose it,,rajivranjan0013@gmail.com,,users/6a31cf989801f82f3d1633bc/folders/6a3f9d118ca73a5d8b45efba/media/6a3f9d308ca73a5d8b45f0db/original.mp4,https://media.theeasypost.com/users/6a31cf989801f82f3d1633bc/folders/6a3f9d118ca73a5d8b45efba/media/6a3f9d308ca73a5d8b45f0db/original.mp4,2026-06-27T09:51:47.876Z
6a3f9d308ca73a5d8b45f0de,20.mp4,video,6a339629c83cd92b28887889,Diagnose it,,rajivranjan0013@gmail.com,,users/6a31cf989801f82f3d1633bc/folders/6a3f9d118ca73a5d8b45efba/media/6a3f9d308ca73a5d8b45f0de/original.mp4,https://media.theeasypost.com/users/6a31cf989801f82f3d1633bc/folders/6a3f9d118ca73a5d8b45efba/media/6a3f9d308ca73a5d8b45f0de/original.mp4,2026-06-27T09:51:47.871Z
6a3f9d308ca73a5d8b45f0d5,35.mp4,video,6a339629c83cd92b28887889,Diagnose it,,rajivranjan0013@gmail.com,,users/6a31cf989801f82f3d1633bc/folders/6a3f9d118ca73a5d8b45efba/media/6a3f9d308ca73a5d8b45f0d5/original.mp4,https://media.theeasypost.com/users/6a31cf989801f82f3d1633bc/folders/6a3f9d118ca73a5d8b45efba/media/6a3f9d308ca73a5d8b45f0d5/original.mp4,2026-06-27T09:51:47.367Z
6a3f9d308ca73a5d8b45f0da,337.mp4,video,6a339629c83cd92b28887889,Diagnose it,,rajivranjan0013@gmail.com,,users/6a31cf989801f82f3d1633bc/folders/6a3f9d118ca73a5d8b45efba/media/6a3f9d308ca73a5d8b45f0da/original.mp4,https://media.theeasypost.com/users/6a31cf989801f82f3d1633bc/folders/6a3f9d118ca73a5d8b45efba/media/6a3f9d308ca73a5d8b45f0da/original.mp4,2026-06-27T09:51:47.180Z
6a3f9d308ca73a5d8b45f0d6,336.mp4,video,6a339629c83cd92b28887889,Diagnose it,,rajivranjan0013@gmail.com,,users/6a31cf989801f82f3d1633bc/folders/6a3f9d118ca73a5d8b45efba/media/6a3f9d308ca73a5d8b45f0d6/original.mp4,https://media.theeasypost.com/users/6a31cf989801f82f3d1633bc/folders/6a3f9d118ca73a5d8b45efba/media/6a3f9d308ca73a5d8b45f0d6/original.mp4,2026-06-27T09:51:46.628Z
6a3f9d308ca73a5d8b45f0d4,322.mp4,video,6a339629c83cd92b28887889,Diagnose it,,rajivranjan0013@gmail.com,,users/6a31cf989801f82f3d1633bc/folders/6a3f9d118ca73a5d8b45efba/media/6a3f9d308ca73a5d8b45f0d4/original.mp4,https://media.theeasypost.com/users/6a31cf989801f82f3d1633bc/folders/6a3f9d118ca73a5d8b45efba/media/6a3f9d308ca73a5d8b45f0d4/original.mp4,2026-06-27T09:51:46.577Z
6a3f9d2f8ca73a5d8b45f0c8,108.mp4,video,6a339629c83cd92b28887889,Diagnose it,,rajivranjan0013@gmail.com,,users/6a31cf989801f82f3d1633bc/folders/6a3f9d118ca73a5d8b45efba/media/6a3f9d2f8ca73a5d8b45f0c8/original.mp4,https://media.theeasypost.com/users/6a31cf989801f82f3d1633bc/folders/6a3f9d118ca73a5d8b45efba/media/6a3f9d2f8ca73a5d8b45f0c8/original.mp4,2026-06-27T09:51:45.928Z
6a3f9d2f8ca73a5d8b45f0d1,21.mp4,video,6a339629c83cd92b28887889,Diagnose it,,rajivranjan0013@gmail.com,,users/6a31cf989801f82f3d1633bc/folders/6a3f9d118ca73a5d8b45efba/media/6a3f9d2f8ca73a5d8b45f0d1/original.mp4,https://media.theeasypost.com/users/6a31cf989801f82f3d1633bc/folders/6a3f9d118ca73a5d8b45efba/media/6a3f9d2f8ca73a5d8b45f0d1/original.mp4,2026-06-27T09:51:45.926Z
6a3f9d2f8ca73a5d8b45f0cb,295.mp4,video,6a339629c83cd92b28887889,Diagnose it,,rajivranjan0013@gmail.com,,users/6a31cf989801f82f3d1633bc/folders/6a3f9d118ca73a5d8b45efba/media/6a3f9d2f8ca73a5d8b45f0cb/original.mp4,https://media.theeasypost.com/users/6a31cf989801f82f3d1633bc/folders/6a3f9d118ca73a5d8b45efba/media/6a3f9d2f8ca73a5d8b45f0cb/original.mp4,2026-06-27T09:51:45.546Z
6a3f9d2f8ca73a5d8b45f0c7,281.mp4,video,6a339629c83cd92b28887889,Diagnose it,,rajivranjan0013@gmail.com,,users/6a31cf989801f82f3d1633bc/folders/6a3f9d118ca73a5d8b45efba/media/6a3f9d2f8ca73a5d8b45f0c7/original.mp4,https://media.theeasypost.com/users/6a31cf989801f82f3d1633bc/folders/6a3f9d118ca73a5d8b45efba/media/6a3f9d2f8ca73a5d8b45f0c7/original.mp4,2026-06-27T09:51:45.052Z
6a3f9d2a8ca73a5d8b45f09f,123.mp4,video,6a339629c83cd92b28887889,Diagnose it,,rajivranjan0013@gmail.com,,users/6a31cf989801f82f3d1633bc/folders/6a3f9d118ca73a5d8b45efba/media/6a3f9d2a8ca73a5d8b45f09f/original.mp4,https://media.theeasypost.com/users/6a31cf989801f82f3d1633bc/folders/6a3f9d118ca73a5d8b45efba/media/6a3f9d2a8ca73a5d8b45f09f/original.mp4,2026-06-27T09:51:44.954Z
6a3f9d2e8ca73a5d8b45f0c4,242.mp4,video,6a339629c83cd92b28887889,Diagnose it,,rajivranjan0013@gmail.com,,users/6a31cf989801f82f3d1633bc/folders/6a3f9d118ca73a5d8b45efba/media/6a3f9d2e8ca73a5d8b45f0c4/original.mp4,https://media.theeasypost.com/users/6a31cf989801f82f3d1633bc/folders/6a3f9d118ca73a5d8b45efba/media/6a3f9d2e8ca73a5d8b45f0c4/original.mp4,2026-06-27T09:51:44.712Z
6a3f9d2e8ca73a5d8b45f0c0,268.mp4,video,6a339629c83cd92b28887889,Diagnose it,,rajivranjan0013@gmail.com,,users/6a31cf989801f82f3d1633bc/folders/6a3f9d118ca73a5d8b45efba/media/6a3f9d2e8ca73a5d8b45f0c0/original.mp4,https://media.theeasypost.com/users/6a31cf989801f82f3d1633bc/folders/6a3f9d118ca73a5d8b45efba/media/6a3f9d2e8ca73a5d8b45f0c0/original.mp4,2026-06-27T09:51:44.389Z
6a3f9d2e8ca73a5d8b45f0bf,256.mp4,video,6a339629c83cd92b28887889,Diagnose it,,rajivranjan0013@gmail.com,,users/6a31cf989801f82f3d1633bc/folders/6a3f9d118ca73a5d8b45efba/media/6a3f9d2e8ca73a5d8b45f0bf/original.mp4,https://media.theeasypost.com/users/6a31cf989801f82f3d1633bc/folders/6a3f9d118ca73a5d8b45efba/media/6a3f9d2e8ca73a5d8b45f0bf/original.mp4,2026-06-27T09:51:44.361Z
6a3f9d2d8ca73a5d8b45f0bb,240.mp4,video,6a339629c83cd92b28887889,Diagnose it,,rajivranjan0013@gmail.com,,users/6a31cf989801f82f3d1633bc/folders/6a3f9d118ca73a5d8b45efba/media/6a3f9d2d8ca73a5d8b45f0bb/original.mp4,https://media.theeasypost.com/users/6a31cf989801f82f3d1633bc/folders/6a3f9d118ca73a5d8b45efba/media/6a3f9d2d8ca73a5d8b45f0bb/original.mp4,2026-06-27T09:51:44.290Z
6a3f9d2d8ca73a5d8b45f0b9,254.mp4,video,6a339629c83cd92b28887889,Diagnose it,,rajivranjan0013@gmail.com,,users/6a31cf989801f82f3d1633bc/folders/6a3f9d118ca73a5d8b45efba/media/6a3f9d2d8ca73a5d8b45f0b9/original.mp4,https://media.theeasypost.com/users/6a31cf989801f82f3d1633bc/folders/6a3f9d118ca73a5d8b45efba/media/6a3f9d2d8ca73a5d8b45f0b9/original.mp4,2026-06-27T09:51:43.981Z
6a3f9d2c8ca73a5d8b45f0b5,37.mp4,video,6a339629c83cd92b28887889,Diagnose it,,rajivranjan0013@gmail.com,,users/6a31cf989801f82f3d1633bc/folders/6a3f9d118ca73a5d8b45efba/media/6a3f9d2c8ca73a5d8b45f0b5/original.mp4,https://media.theeasypost.com/users/6a31cf989801f82f3d1633bc/folders/6a3f9d118ca73a5d8b45efba/media/6a3f9d2c8ca73a5d8b45f0b5/original.mp4,2026-06-27T09:51:43.651Z
6a3f9d2c8ca73a5d8b45f0b8,283.mp4,video,6a339629c83cd92b28887889,Diagnose it,,rajivranjan0013@gmail.com,,users/6a31cf989801f82f3d1633bc/folders/6a3f9d118ca73a5d8b45efba/media/6a3f9d2c8ca73a5d8b45f0b8/original.mp4,https://media.theeasypost.com/users/6a31cf989801f82f3d1633bc/folders/6a3f9d118ca73a5d8b45efba/media/6a3f9d2c8ca73a5d8b45f0b8/original.mp4,2026-06-27T09:51:43.631Z
6a3f9d2c8ca73a5d8b45f0b3,136.mp4,video,6a339629c83cd92b28887889,Diagnose it,,rajivranjan0013@gmail.com,,users/6a31cf989801f82f3d1633bc/folders/6a3f9d118ca73a5d8b45efba/media/6a3f9d2c8ca73a5d8b45f0b3/original.mp4,https://media.theeasypost.com/users/6a31cf989801f82f3d1633bc/folders/6a3f9d118ca73a5d8b45efba/media/6a3f9d2c8ca73a5d8b45f0b3/original.mp4,2026-06-27T09:51:43.616Z
6a3f9d2c8ca73a5d8b45f0b4,297.mp4,video,6a339629c83cd92b28887889,Diagnose it,,rajivranjan0013@gmail.com,,users/6a31cf989801f82f3d1633bc/folders/6a3f9d118ca73a5d8b45efba/media/6a3f9d2c8ca73a5d8b45f0b4/original.mp4,https://media.theeasypost.com/users/6a31cf989801f82f3d1633bc/folders/6a3f9d118ca73a5d8b45efba/media/6a3f9d2c8ca73a5d8b45f0b4/original.mp4,2026-06-27T09:51:43.611Z
6a3f9d2b8ca73a5d8b45f0af,23.mp4,video,6a339629c83cd92b28887889,Diagnose it,,rajivranjan0013@gmail.com,,users/6a31cf989801f82f3d1633bc/folders/6a3f9d118ca73a5d8b45efba/media/6a3f9d2b8ca73a5d8b45f0af/original.mp4,https://media.theeasypost.com/users/6a31cf989801f82f3d1633bc/folders/6a3f9d118ca73a5d8b45efba/media/6a3f9d2b8ca73a5d8b45f0af/original.mp4,2026-06-27T09:51:43.371Z
6a3f9d2c8ca73a5d8b45f0b1,122.mp4,video,6a339629c83cd92b28887889,Diagnose it,,rajivranjan0013@gmail.com,,users/6a31cf989801f82f3d1633bc/folders/6a3f9d118ca73a5d8b45efba/media/6a3f9d2c8ca73a5d8b45f0b1/original.mp4,https://media.theeasypost.com/users/6a31cf989801f82f3d1633bc/folders/6a3f9d118ca73a5d8b45efba/media/6a3f9d2c8ca73a5d8b45f0b1/original.mp4,2026-06-27T09:51:43.260Z
6a3f9d2b8ca73a5d8b45f0ab,320.mp4,video,6a339629c83cd92b28887889,Diagnose it,,rajivranjan0013@gmail.com,,users/6a31cf989801f82f3d1633bc/folders/6a3f9d118ca73a5d8b45efba/media/6a3f9d2b8ca73a5d8b45f0ab/original.mp4,https://media.theeasypost.com/users/6a31cf989801f82f3d1633bc/folders/6a3f9d118ca73a5d8b45efba/media/6a3f9d2b8ca73a5d8b45f0ab/original.mp4,2026-06-27T09:51:42.917Z
6a3f9d2b8ca73a5d8b45f0ac,334.mp4,video,6a339629c83cd92b28887889,Diagnose it,,rajivranjan0013@gmail.com,,users/6a31cf989801f82f3d1633bc/folders/6a3f9d118ca73a5d8b45efba/media/6a3f9d2b8ca73a5d8b45f0ac/original.mp4,https://media.theeasypost.com/users/6a31cf989801f82f3d1633bc/folders/6a3f9d118ca73a5d8b45efba/media/6a3f9d2b8ca73a5d8b45f0ac/original.mp4,2026-06-27T09:51:42.833Z
6a3f9d2b8ca73a5d8b45f0aa,309.mp4,video,6a339629c83cd92b28887889,Diagnose it,,rajivranjan0013@gmail.com,,users/6a31cf989801f82f3d1633bc/folders/6a3f9d118ca73a5d8b45efba/media/6a3f9d2b8ca73a5d8b45f0aa/original.mp4,https://media.theeasypost.com/users/6a31cf989801f82f3d1633bc/folders/6a3f9d118ca73a5d8b45efba/media/6a3f9d2b8ca73a5d8b45f0aa/original.mp4,2026-06-27T09:51:42.584Z
6a3f9d2b8ca73a5d8b45f0ae,308.mp4,video,6a339629c83cd92b28887889,Diagnose it,,rajivranjan0013@gmail.com,,users/6a31cf989801f82f3d1633bc/folders/6a3f9d118ca73a5d8b45efba/media/6a3f9d2b8ca73a5d8b45f0ae/original.mp4,https://media.theeasypost.com/users/6a31cf989801f82f3d1633bc/folders/6a3f9d118ca73a5d8b45efba/media/6a3f9d2b8ca73a5d8b45f0ae/original.mp4,2026-06-27T09:51:42.580Z
6a3f9d2a8ca73a5d8b45f0a1,22.mp4,video,6a339629c83cd92b28887889,Diagnose it,,rajivranjan0013@gmail.com,,users/6a31cf989801f82f3d1633bc/folders/6a3f9d118ca73a5d8b45efba/media/6a3f9d2a8ca73a5d8b45f0a1/original.mp4,https://media.theeasypost.com/users/6a31cf989801f82f3d1633bc/folders/6a3f9d118ca73a5d8b45efba/media/6a3f9d2a8ca73a5d8b45f0a1/original.mp4,2026-06-27T09:51:42.429Z
6a3f9d2b8ca73a5d8b45f0a8,321.mp4,video,6a339629c83cd92b28887889,Diagnose it,,rajivranjan0013@gmail.com,,users/6a31cf989801f82f3d1633bc/folders/6a3f9d118ca73a5d8b45efba/media/6a3f9d2b8ca73a5d8b45f0a8/original.mp4,https://media.theeasypost.com/users/6a31cf989801f82f3d1633bc/folders/6a3f9d118ca73a5d8b45efba/media/6a3f9d2b8ca73a5d8b45f0a8/original.mp4,2026-06-27T09:51:42.032Z
6a3f9d2a8ca73a5d8b45f099,282.mp4,video,6a339629c83cd92b28887889,Diagnose it,,rajivranjan0013@gmail.com,,users/6a31cf989801f82f3d1633bc/folders/6a3f9d118ca73a5d8b45efba/media/6a3f9d2a8ca73a5d8b45f099/original.mp4,https://media.theeasypost.com/users/6a31cf989801f82f3d1633bc/folders/6a3f9d118ca73a5d8b45efba/media/6a3f9d2a8ca73a5d8b45f099/original.mp4,2026-06-27T09:51:41.975Z
6a3f9d2a8ca73a5d8b45f0a0,36.mp4,video,6a339629c83cd92b28887889,Diagnose it,,rajivranjan0013@gmail.com,,users/6a31cf989801f82f3d1633bc/folders/6a3f9d118ca73a5d8b45efba/media/6a3f9d2a8ca73a5d8b45f0a0/original.mp4,https://media.theeasypost.com/users/6a31cf989801f82f3d1633bc/folders/6a3f9d118ca73a5d8b45efba/media/6a3f9d2a8ca73a5d8b45f0a0/original.mp4,2026-06-27T09:51:41.943Z
6a3f9d2a8ca73a5d8b45f0a2,335.mp4,video,6a339629c83cd92b28887889,Diagnose it,,rajivranjan0013@gmail.com,,users/6a31cf989801f82f3d1633bc/folders/6a3f9d118ca73a5d8b45efba/media/6a3f9d2a8ca73a5d8b45f0a2/original.mp4,https://media.theeasypost.com/users/6a31cf989801f82f3d1633bc/folders/6a3f9d118ca73a5d8b45efba/media/6a3f9d2a8ca73a5d8b45f0a2/original.mp4,2026-06-27T09:51:41.306Z
6a3f9d2a8ca73a5d8b45f09d,137.mp4,video,6a339629c83cd92b28887889,Diagnose it,,rajivranjan0013@gmail.com,,users/6a31cf989801f82f3d1633bc/folders/6a3f9d118ca73a5d8b45efba/media/6a3f9d2a8ca73a5d8b45f09d/original.mp4,https://media.theeasypost.com/users/6a31cf989801f82f3d1633bc/folders/6a3f9d118ca73a5d8b45efba/media/6a3f9d2a8ca73a5d8b45f09d/original.mp4,2026-06-27T09:51:40.790Z
6a3f9d2a8ca73a5d8b45f098,255.mp4,video,6a339629c83cd92b28887889,Diagnose it,,rajivranjan0013@gmail.com,,users/6a31cf989801f82f3d1633bc/folders/6a3f9d118ca73a5d8b45efba/media/6a3f9d2a8ca73a5d8b45f098/original.mp4,https://media.theeasypost.com/users/6a31cf989801f82f3d1633bc/folders/6a3f9d118ca73a5d8b45efba/media/6a3f9d2a8ca73a5d8b45f098/original.mp4,2026-06-27T09:51:40.657Z
6a3f9d2a8ca73a5d8b45f09a,296.mp4,video,6a339629c83cd92b28887889,Diagnose it,,rajivranjan0013@gmail.com,,users/6a31cf989801f82f3d1633bc/folders/6a3f9d118ca73a5d8b45efba/media/6a3f9d2a8ca73a5d8b45f09a/original.mp4,https://media.theeasypost.com/users/6a31cf989801f82f3d1633bc/folders/6a3f9d118ca73a5d8b45efba/media/6a3f9d2a8ca73a5d8b45f09a/original.mp4,2026-06-27T09:51:40.438Z
6a3f9d298ca73a5d8b45f093,226.mp4,video,6a339629c83cd92b28887889,Diagnose it,,rajivranjan0013@gmail.com,,users/6a31cf989801f82f3d1633bc/folders/6a3f9d118ca73a5d8b45efba/media/6a3f9d298ca73a5d8b45f093/original.mp4,https://media.theeasypost.com/users/6a31cf989801f82f3d1633bc/folders/6a3f9d118ca73a5d8b45efba/media/6a3f9d298ca73a5d8b45f093/original.mp4,2026-06-27T09:51:39.989Z
6a3f9d298ca73a5d8b45f096,241.mp4,video,6a339629c83cd92b28887889,Diagnose it,,rajivranjan0013@gmail.com,,users/6a31cf989801f82f3d1633bc/folders/6a3f9d118ca73a5d8b45efba/media/6a3f9d298ca73a5d8b45f096/original.mp4,https://media.theeasypost.com/users/6a31cf989801f82f3d1633bc/folders/6a3f9d118ca73a5d8b45efba/media/6a3f9d298ca73a5d8b45f096/original.mp4,2026-06-27T09:51:39.679Z
6a3f9d298ca73a5d8b45f092,269.mp4,video,6a339629c83cd92b28887889,Diagnose it,,rajivranjan0013@gmail.com,,users/6a31cf989801f82f3d1633bc/folders/6a3f9d118ca73a5d8b45efba/media/6a3f9d298ca73a5d8b45f092/original.mp4,https://media.theeasypost.com/users/6a31cf989801f82f3d1633bc/folders/6a3f9d118ca73a5d8b45efba/media/6a3f9d298ca73a5d8b45f092/original.mp4,2026-06-27T09:51:39.311Z
6a3f9d288ca73a5d8b45f08f,232.mp4,video,6a339629c83cd92b28887889,Diagnose it,,rajivranjan0013@gmail.com,,users/6a31cf989801f82f3d1633bc/folders/6a3f9d118ca73a5d8b45efba/media/6a3f9d288ca73a5d8b45f08f/original.mp4,https://media.theeasypost.com/users/6a31cf989801f82f3d1633bc/folders/6a3f9d118ca73a5d8b45efba/media/6a3f9d288ca73a5d8b45f08f/original.mp4,2026-06-27T09:51:39.188Z
6a3f9d288ca73a5d8b45f088,92.mp4,video,6a339629c83cd92b28887889,Diagnose it,,rajivranjan0013@gmail.com,,users/6a31cf989801f82f3d1633bc/folders/6a3f9d118ca73a5d8b45efba/media/6a3f9d288ca73a5d8b45f088/original.mp4,https://media.theeasypost.com/users/6a31cf989801f82f3d1633bc/folders/6a3f9d118ca73a5d8b45efba/media/6a3f9d288ca73a5d8b45f088/original.mp4,2026-06-27T09:51:39.117Z
6a3f9d288ca73a5d8b45f08b,144.mp4,video,6a339629c83cd92b28887889,Diagnose it,,rajivranjan0013@gmail.com,,users/6a31cf989801f82f3d1633bc/folders/6a3f9d118ca73a5d8b45efba/media/6a3f9d288ca73a5d8b45f08b/original.mp4,https://media.theeasypost.com/users/6a31cf989801f82f3d1633bc/folders/6a3f9d118ca73a5d8b45efba/media/6a3f9d288ca73a5d8b45f08b/original.mp4,2026-06-27T09:51:38.876Z
6a3f9d288ca73a5d8b45f08d,150.mp4,video,6a339629c83cd92b28887889,Diagnose it,,rajivranjan0013@gmail.com,,users/6a31cf989801f82f3d1633bc/folders/6a3f9d118ca73a5d8b45efba/media/6a3f9d288ca73a5d8b45f08d/original.mp4,https://media.theeasypost.com/users/6a31cf989801f82f3d1633bc/folders/6a3f9d118ca73a5d8b45efba/media/6a3f9d288ca73a5d8b45f08d/original.mp4,2026-06-27T09:51:38.824Z
6a3f9d288ca73a5d8b45f086,86.mp4,video,6a339629c83cd92b28887889,Diagnose it,,rajivranjan0013@gmail.com,,users/6a31cf989801f82f3d1633bc/folders/6a3f9d118ca73a5d8b45efba/media/6a3f9d288ca73a5d8b45f086/original.mp4,https://media.theeasypost.com/users/6a31cf989801f82f3d1633bc/folders/6a3f9d118ca73a5d8b45efba/media/6a3f9d288ca73a5d8b45f086/original.mp4,2026-06-27T09:51:38.819Z
6a3f9d288ca73a5d8b45f082,178.mp4,video,6a339629c83cd92b28887889,Diagnose it,,rajivranjan0013@gmail.com,,users/6a31cf989801f82f3d1633bc/folders/6a3f9d118ca73a5d8b45efba/media/6a3f9d288ca73a5d8b45f082/original.mp4,https://media.theeasypost.com/users/6a31cf989801f82f3d1633bc/folders/6a3f9d118ca73a5d8b45efba/media/6a3f9d288ca73a5d8b45f082/original.mp4,2026-06-27T09:51:38.436Z
6a3f9d268ca73a5d8b45f077,352.mp4,video,6a339629c83cd92b28887889,Diagnose it,,rajivranjan0013@gmail.com,,users/6a31cf989801f82f3d1633bc/folders/6a3f9d118ca73a5d8b45efba/media/6a3f9d268ca73a5d8b45f077/original.mp4,https://media.theeasypost.com/users/6a31cf989801f82f3d1633bc/folders/6a3f9d118ca73a5d8b45efba/media/6a3f9d268ca73a5d8b45f077/original.mp4,2026-06-27T09:51:38.078Z
6a3f9d288ca73a5d8b45f083,193.mp4,video,6a339629c83cd92b28887889,Diagnose it,,rajivranjan0013@gmail.com,,users/6a31cf989801f82f3d1633bc/folders/6a3f9d118ca73a5d8b45efba/media/6a3f9d288ca73a5d8b45f083/original.mp4,https://media.theeasypost.com/users/6a31cf989801f82f3d1633bc/folders/6a3f9d118ca73a5d8b45efba/media/6a3f9d288ca73a5d8b45f083/original.mp4,2026-06-27T09:51:38.067Z
6a3f9d278ca73a5d8b45f07b,187.mp4,video,6a339629c83cd92b28887889,Diagnose it,,rajivranjan0013@gmail.com,,users/6a31cf989801f82f3d1633bc/folders/6a3f9d118ca73a5d8b45efba/media/6a3f9d278ca73a5d8b45f07b/original.mp4,https://media.theeasypost.com/users/6a31cf989801f82f3d1633bc/folders/6a3f9d118ca73a5d8b45efba/media/6a3f9d278ca73a5d8b45f07b/original.mp4,2026-06-27T09:51:37.682Z
6a3f9d268ca73a5d8b45f07a,3.mp4,video,6a339629c83cd92b28887889,Diagnose it,,rajivranjan0013@gmail.com,,users/6a31cf989801f82f3d1633bc/folders/6a3f9d118ca73a5d8b45efba/media/6a3f9d268ca73a5d8b45f07a/original.mp4,https://media.theeasypost.com/users/6a31cf989801f82f3d1633bc/folders/6a3f9d118ca73a5d8b45efba/media/6a3f9d268ca73a5d8b45f07a/original.mp4,2026-06-27T09:51:37.611Z
6a3f9d278ca73a5d8b45f07f,79.mp4,video,6a339629c83cd92b28887889,Diagnose it,,rajivranjan0013@gmail.com,,users/6a31cf989801f82f3d1633bc/folders/6a3f9d118ca73a5d8b45efba/media/6a3f9d278ca73a5d8b45f07f/original.mp4,https://media.theeasypost.com/users/6a31cf989801f82f3d1633bc/folders/6a3f9d118ca73a5d8b45efba/media/6a3f9d278ca73a5d8b45f07f/original.mp4,2026-06-27T09:51:37.589Z
6a3f9d268ca73a5d8b45f079,51.mp4,video,6a339629c83cd92b28887889,Diagnose it,,rajivranjan0013@gmail.com,,users/6a31cf989801f82f3d1633bc/folders/6a3f9d118ca73a5d8b45efba/media/6a3f9d268ca73a5d8b45f079/original.mp4,https://media.theeasypost.com/users/6a31cf989801f82f3d1633bc/folders/6a3f9d118ca73a5d8b45efba/media/6a3f9d268ca73a5d8b45f079/original.mp4,2026-06-27T09:51:37.155Z
6a3f9d268ca73a5d8b45f078,45.mp4,video,6a339629c83cd92b28887889,Diagnose it,,rajivranjan0013@gmail.com,,users/6a31cf989801f82f3d1633bc/folders/6a3f9d118ca73a5d8b45efba/media/6a3f9d268ca73a5d8b45f078/original.mp4,https://media.theeasypost.com/users/6a31cf989801f82f3d1633bc/folders/6a3f9d118ca73a5d8b45efba/media/6a3f9d268ca73a5d8b45f078/original.mp4,2026-06-27T09:51:37.099Z
6a3f9d268ca73a5d8b45f073,347.mp4,video,6a339629c83cd92b28887889,Diagnose it,,rajivranjan0013@gmail.com,,users/6a31cf989801f82f3d1633bc/folders/6a3f9d118ca73a5d8b45efba/media/6a3f9d268ca73a5d8b45f073/original.mp4,https://media.theeasypost.com/users/6a31cf989801f82f3d1633bc/folders/6a3f9d118ca73a5d8b45efba/media/6a3f9d268ca73a5d8b45f073/original.mp4,2026-06-27T09:51:36.854Z
6a3f9d268ca73a5d8b45f072,346.mp4,video,6a339629c83cd92b28887889,Diagnose it,,rajivranjan0013@gmail.com,,users/6a31cf989801f82f3d1633bc/folders/6a3f9d118ca73a5d8b45efba/media/6a3f9d268ca73a5d8b45f072/original.mp4,https://media.theeasypost.com/users/6a31cf989801f82f3d1633bc/folders/6a3f9d118ca73a5d8b45efba/media/6a3f9d268ca73a5d8b45f072/original.mp4,2026-06-27T09:51:36.714Z
6a3f9d238ca73a5d8b45f05d,145.mp4,video,6a339629c83cd92b28887889,Diagnose it,,rajivranjan0013@gmail.com,,users/6a31cf989801f82f3d1633bc/folders/6a3f9d118ca73a5d8b45efba/media/6a3f9d238ca73a5d8b45f05d/original.mp4,https://media.theeasypost.com/users/6a31cf989801f82f3d1633bc/folders/6a3f9d118ca73a5d8b45efba/media/6a3f9d238ca73a5d8b45f05d/original.mp4,2026-06-27T09:51:36.492Z
6a3f9d258ca73a5d8b45f071,44.mp4,video,6a339629c83cd92b28887889,Diagnose it,,rajivranjan0013@gmail.com,,users/6a31cf989801f82f3d1633bc/folders/6a3f9d118ca73a5d8b45efba/media/6a3f9d258ca73a5d8b45f071/original.mp4,https://media.theeasypost.com/users/6a31cf989801f82f3d1633bc/folders/6a3f9d118ca73a5d8b45efba/media/6a3f9d258ca73a5d8b45f071/original.mp4,2026-06-27T09:51:36.485Z
6a3f9d258ca73a5d8b45f06f,353.mp4,video,6a339629c83cd92b28887889,Diagnose it,,rajivranjan0013@gmail.com,,users/6a31cf989801f82f3d1633bc/folders/6a3f9d118ca73a5d8b45efba/media/6a3f9d258ca73a5d8b45f06f/original.mp4,https://media.theeasypost.com/users/6a31cf989801f82f3d1633bc/folders/6a3f9d118ca73a5d8b45efba/media/6a3f9d258ca73a5d8b45f06f/original.mp4,2026-06-27T09:51:36.463Z
6a3f9d258ca73a5d8b45f068,186.mp4,video,6a339629c83cd92b28887889,Diagnose it,,rajivranjan0013@gmail.com,,users/6a31cf989801f82f3d1633bc/folders/6a3f9d118ca73a5d8b45efba/media/6a3f9d258ca73a5d8b45f068/original.mp4,https://media.theeasypost.com/users/6a31cf989801f82f3d1633bc/folders/6a3f9d118ca73a5d8b45efba/media/6a3f9d258ca73a5d8b45f068/original.mp4,2026-06-27T09:51:36.113Z
6a3f9d258ca73a5d8b45f070,2.mp4,video,6a339629c83cd92b28887889,Diagnose it,,rajivranjan0013@gmail.com,,users/6a31cf989801f82f3d1633bc/folders/6a3f9d118ca73a5d8b45efba/media/6a3f9d258ca73a5d8b45f070/original.mp4,https://media.theeasypost.com/users/6a31cf989801f82f3d1633bc/folders/6a3f9d118ca73a5d8b45efba/media/6a3f9d258ca73a5d8b45f070/original.mp4,2026-06-27T09:51:36.105Z
6a3f9d258ca73a5d8b45f06a,50.mp4,video,6a339629c83cd92b28887889,Diagnose it,,rajivranjan0013@gmail.com,,users/6a31cf989801f82f3d1633bc/folders/6a3f9d118ca73a5d8b45efba/media/6a3f9d258ca73a5d8b45f06a/original.mp4,https://media.theeasypost.com/users/6a31cf989801f82f3d1633bc/folders/6a3f9d118ca73a5d8b45efba/media/6a3f9d258ca73a5d8b45f06a/original.mp4,2026-06-27T09:51:35.855Z
6a3f9d258ca73a5d8b45f06b,78.mp4,video,6a339629c83cd92b28887889,Diagnose it,,rajivranjan0013@gmail.com,,users/6a31cf989801f82f3d1633bc/folders/6a3f9d118ca73a5d8b45efba/media/6a3f9d258ca73a5d8b45f06b/original.mp4,https://media.theeasypost.com/users/6a31cf989801f82f3d1633bc/folders/6a3f9d118ca73a5d8b45efba/media/6a3f9d258ca73a5d8b45f06b/original.mp4,2026-06-27T09:51:35.669Z
6a3f9d248ca73a5d8b45f064,192.mp4,video,6a339629c83cd92b28887889,Diagnose it,,rajivranjan0013@gmail.com,,users/6a31cf989801f82f3d1633bc/folders/6a3f9d118ca73a5d8b45efba/media/6a3f9d248ca73a5d8b45f064/original.mp4,https://media.theeasypost.com/users/6a31cf989801f82f3d1633bc/folders/6a3f9d118ca73a5d8b45efba/media/6a3f9d248ca73a5d8b45f064/original.mp4,2026-06-27T09:51:35.364Z
6a3f9d248ca73a5d8b45f062,87.mp4,video,6a339629c83cd92b28887889,Diagnose it,,rajivranjan0013@gmail.com,,users/6a31cf989801f82f3d1633bc/folders/6a3f9d118ca73a5d8b45efba/media/6a3f9d248ca73a5d8b45f062/original.mp4,https://media.theeasypost.com/users/6a31cf989801f82f3d1633bc/folders/6a3f9d118ca73a5d8b45efba/media/6a3f9d248ca73a5d8b45f062/original.mp4,2026-06-27T09:51:35.335Z
6a3f9d218ca73a5d8b45f041,190.mp4,video,6a339629c83cd92b28887889,Diagnose it,,rajivranjan0013@gmail.com,,users/6a31cf989801f82f3d1633bc/folders/6a3f9d118ca73a5d8b45efba/media/6a3f9d218ca73a5d8b45f041/original.mp4,https://media.theeasypost.com/users/6a31cf989801f82f3d1633bc/folders/6a3f9d118ca73a5d8b45efba/media/6a3f9d218ca73a5d8b45f041/original.mp4,2026-06-27T09:51:35.327Z
6a3f9d238ca73a5d8b45f05b,151.mp4,video,6a339629c83cd92b28887889,Diagnose it,,rajivranjan0013@gmail.com,,users/6a31cf989801f82f3d1633bc/folders/6a3f9d118ca73a5d8b45efba/media/6a3f9d238ca73a5d8b45f05b/original.mp4,https://media.theeasypost.com/users/6a31cf989801f82f3d1633bc/folders/6a3f9d118ca73a5d8b45efba/media/6a3f9d238ca73a5d8b45f05b/original.mp4,2026-06-27T09:51:34.579Z
6a3f9d238ca73a5d8b45f05f,93.mp4,video,6a339629c83cd92b28887889,Diagnose it,,rajivranjan0013@gmail.com,,users/6a31cf989801f82f3d1633bc/folders/6a3f9d118ca73a5d8b45efba/media/6a3f9d238ca73a5d8b45f05f/original.mp4,https://media.theeasypost.com/users/6a31cf989801f82f3d1633bc/folders/6a3f9d118ca73a5d8b45efba/media/6a3f9d238ca73a5d8b45f05f/original.mp4,2026-06-27T09:51:34.575Z
6a3f9d238ca73a5d8b45f05e,179.mp4,video,6a339629c83cd92b28887889,Diagnose it,,rajivranjan0013@gmail.com,,users/6a31cf989801f82f3d1633bc/folders/6a3f9d118ca73a5d8b45efba/media/6a3f9d238ca73a5d8b45f05e/original.mp4,https://media.theeasypost.com/users/6a31cf989801f82f3d1633bc/folders/6a3f9d118ca73a5d8b45efba/media/6a3f9d238ca73a5d8b45f05e/original.mp4,2026-06-27T09:51:34.184Z
6a3f9d238ca73a5d8b45f057,227.mp4,video,6a339629c83cd92b28887889,Diagnose it,,rajivranjan0013@gmail.com,,users/6a31cf989801f82f3d1633bc/folders/6a3f9d118ca73a5d8b45efba/media/6a3f9d238ca73a5d8b45f057/original.mp4,https://media.theeasypost.com/users/6a31cf989801f82f3d1633bc/folders/6a3f9d118ca73a5d8b45efba/media/6a3f9d238ca73a5d8b45f057/original.mp4,2026-06-27T09:51:33.741Z
6a3f9d238ca73a5d8b45f056,233.mp4,video,6a339629c83cd92b28887889,Diagnose it,,rajivranjan0013@gmail.com,,users/6a31cf989801f82f3d1633bc/folders/6a3f9d118ca73a5d8b45efba/media/6a3f9d238ca73a5d8b45f056/original.mp4,https://media.theeasypost.com/users/6a31cf989801f82f3d1633bc/folders/6a3f9d118ca73a5d8b45efba/media/6a3f9d238ca73a5d8b45f056/original.mp4,2026-06-27T09:51:33.607Z
6a3f9d228ca73a5d8b45f054,231.mp4,video,6a339629c83cd92b28887889,Diagnose it,,rajivranjan0013@gmail.com,,users/6a31cf989801f82f3d1633bc/folders/6a3f9d118ca73a5d8b45efba/media/6a3f9d228ca73a5d8b45f054/original.mp4,https://media.theeasypost.com/users/6a31cf989801f82f3d1633bc/folders/6a3f9d118ca73a5d8b45efba/media/6a3f9d228ca73a5d8b45f054/original.mp4,2026-06-27T09:51:33.428Z
6a3f9d228ca73a5d8b45f04c,85.mp4,video,6a339629c83cd92b28887889,Diagnose it,,rajivranjan0013@gmail.com,,users/6a31cf989801f82f3d1633bc/folders/6a3f9d118ca73a5d8b45efba/media/6a3f9d228ca73a5d8b45f04c/original.mp4,https://media.theeasypost.com/users/6a31cf989801f82f3d1633bc/folders/6a3f9d118ca73a5d8b45efba/media/6a3f9d228ca73a5d8b45f04c/original.mp4,2026-06-27T09:51:33.283Z
6a3f9d228ca73a5d8b45f052,219.mp4,video,6a339629c83cd92b28887889,Diagnose it,,rajivranjan0013@gmail.com,,users/6a31cf989801f82f3d1633bc/folders/6a3f9d118ca73a5d8b45efba/media/6a3f9d228ca73a5d8b45f052/original.mp4,https://media.theeasypost.com/users/6a31cf989801f82f3d1633bc/folders/6a3f9d118ca73a5d8b45efba/media/6a3f9d228ca73a5d8b45f052/original.mp4,2026-06-27T09:51:33.013Z
6a3f9d228ca73a5d8b45f050,225.mp4,video,6a339629c83cd92b28887889,Diagnose it,,rajivranjan0013@gmail.com,,users/6a31cf989801f82f3d1633bc/folders/6a3f9d118ca73a5d8b45efba/media/6a3f9d228ca73a5d8b45f050/original.mp4,https://media.theeasypost.com/users/6a31cf989801f82f3d1633bc/folders/6a3f9d118ca73a5d8b45efba/media/6a3f9d228ca73a5d8b45f050/original.mp4,2026-06-27T09:51:32.739Z
6a3f9d228ca73a5d8b45f04e,153.mp4,video,6a339629c83cd92b28887889,Diagnose it,,rajivranjan0013@gmail.com,,users/6a31cf989801f82f3d1633bc/folders/6a3f9d118ca73a5d8b45efba/media/6a3f9d228ca73a5d8b45f04e/original.mp4,https://media.theeasypost.com/users/6a31cf989801f82f3d1633bc/folders/6a3f9d118ca73a5d8b45efba/media/6a3f9d228ca73a5d8b45f04e/original.mp4,2026-06-27T09:51:32.672Z
6a3f9d228ca73a5d8b45f04d,147.mp4,video,6a339629c83cd92b28887889,Diagnose it,,rajivranjan0013@gmail.com,,users/6a31cf989801f82f3d1633bc/folders/6a3f9d118ca73a5d8b45efba/media/6a3f9d228ca73a5d8b45f04d/original.mp4,https://media.theeasypost.com/users/6a31cf989801f82f3d1633bc/folders/6a3f9d118ca73a5d8b45efba/media/6a3f9d228ca73a5d8b45f04d/original.mp4,2026-06-27T09:51:32.319Z
6a3f9d218ca73a5d8b45f042,351.mp4,video,6a339629c83cd92b28887889,Diagnose it,,rajivranjan0013@gmail.com,,users/6a31cf989801f82f3d1633bc/folders/6a3f9d118ca73a5d8b45efba/media/6a3f9d218ca73a5d8b45f042/original.mp4,https://media.theeasypost.com/users/6a31cf989801f82f3d1633bc/folders/6a3f9d118ca73a5d8b45efba/media/6a3f9d218ca73a5d8b45f042/original.mp4,2026-06-27T09:51:32.010Z
6a3f9d228ca73a5d8b45f04a,91.mp4,video,6a339629c83cd92b28887889,Diagnose it,,rajivranjan0013@gmail.com,,users/6a31cf989801f82f3d1633bc/folders/6a3f9d118ca73a5d8b45efba/media/6a3f9d228ca73a5d8b45f04a/original.mp4,https://media.theeasypost.com/users/6a31cf989801f82f3d1633bc/folders/6a3f9d118ca73a5d8b45efba/media/6a3f9d228ca73a5d8b45f04a/original.mp4,2026-06-27T09:51:31.968Z
6a3f9d218ca73a5d8b45f044,184.mp4,video,6a339629c83cd92b28887889,Diagnose it,,rajivranjan0013@gmail.com,,users/6a31cf989801f82f3d1633bc/folders/6a3f9d118ca73a5d8b45efba/media/6a3f9d218ca73a5d8b45f044/original.mp4,https://media.theeasypost.com/users/6a31cf989801f82f3d1633bc/folders/6a3f9d118ca73a5d8b45efba/media/6a3f9d218ca73a5d8b45f044/original.mp4,2026-06-27T09:51:31.796Z
6a3f9d208ca73a5d8b45f040,345.mp4,video,6a339629c83cd92b28887889,Diagnose it,,rajivranjan0013@gmail.com,,users/6a31cf989801f82f3d1633bc/folders/6a3f9d118ca73a5d8b45efba/media/6a3f9d208ca73a5d8b45f040/original.mp4,https://media.theeasypost.com/users/6a31cf989801f82f3d1633bc/folders/6a3f9d118ca73a5d8b45efba/media/6a3f9d208ca73a5d8b45f040/original.mp4,2026-06-27T09:51:31.568Z
6a3f9d208ca73a5d8b45f03f,46.mp4,video,6a339629c83cd92b28887889,Diagnose it,,rajivranjan0013@gmail.com,,users/6a31cf989801f82f3d1633bc/folders/6a3f9d118ca73a5d8b45efba/media/6a3f9d208ca73a5d8b45f03f/original.mp4,https://media.theeasypost.com/users/6a31cf989801f82f3d1633bc/folders/6a3f9d118ca73a5d8b45efba/media/6a3f9d208ca73a5d8b45f03f/original.mp4,2026-06-27T09:51:31.555Z
6a3f9d208ca73a5d8b45f03e,52.mp4,video,6a339629c83cd92b28887889,Diagnose it,,rajivranjan0013@gmail.com,,users/6a31cf989801f82f3d1633bc/folders/6a3f9d118ca73a5d8b45efba/media/6a3f9d208ca73a5d8b45f03e/original.mp4,https://media.theeasypost.com/users/6a31cf989801f82f3d1633bc/folders/6a3f9d118ca73a5d8b45efba/media/6a3f9d208ca73a5d8b45f03e/original.mp4,2026-06-27T09:51:31.363Z
6a3f9d208ca73a5d8b45f03d,350.mp4,video,6a339629c83cd92b28887889,Diagnose it,,rajivranjan0013@gmail.com,,users/6a31cf989801f82f3d1633bc/folders/6a3f9d118ca73a5d8b45efba/media/6a3f9d208ca73a5d8b45f03d/original.mp4,https://media.theeasypost.com/users/6a31cf989801f82f3d1633bc/folders/6a3f9d118ca73a5d8b45efba/media/6a3f9d208ca73a5d8b45f03d/original.mp4,2026-06-27T09:51:31.037Z
6a3f9d1d8ca73a5d8b45f021,224.mp4,video,6a339629c83cd92b28887889,Diagnose it,,rajivranjan0013@gmail.com,,users/6a31cf989801f82f3d1633bc/folders/6a3f9d118ca73a5d8b45efba/media/6a3f9d1d8ca73a5d8b45f021/original.mp4,https://media.theeasypost.com/users/6a31cf989801f82f3d1633bc/folders/6a3f9d118ca73a5d8b45efba/media/6a3f9d1d8ca73a5d8b45f021/original.mp4,2026-06-27T09:51:30.677Z
6a3f9d1f8ca73a5d8b45f030,191.mp4,video,6a339629c83cd92b28887889,Diagnose it,,rajivranjan0013@gmail.com,,users/6a31cf989801f82f3d1633bc/folders/6a3f9d118ca73a5d8b45efba/media/6a3f9d1f8ca73a5d8b45f030/original.mp4,https://media.theeasypost.com/users/6a31cf989801f82f3d1633bc/folders/6a3f9d118ca73a5d8b45efba/media/6a3f9d1f8ca73a5d8b45f030/original.mp4,2026-06-27T09:51:30.627Z
6a3f9d1f8ca73a5d8b45f036,53.mp4,video,6a339629c83cd92b28887889,Diagnose it,,rajivranjan0013@gmail.com,,users/6a31cf989801f82f3d1633bc/folders/6a3f9d118ca73a5d8b45efba/media/6a3f9d1f8ca73a5d8b45f036/original.mp4,https://media.theeasypost.com/users/6a31cf989801f82f3d1633bc/folders/6a3f9d118ca73a5d8b45efba/media/6a3f9d1f8ca73a5d8b45f036/original.mp4,2026-06-27T09:51:30.475Z
6a3f9d1e8ca73a5d8b45f027,152.mp4,video,6a339629c83cd92b28887889,Diagnose it,,rajivranjan0013@gmail.com,,users/6a31cf989801f82f3d1633bc/folders/6a3f9d118ca73a5d8b45efba/media/6a3f9d1e8ca73a5d8b45f027/original.mp4,https://media.theeasypost.com/users/6a31cf989801f82f3d1633bc/folders/6a3f9d118ca73a5d8b45efba/media/6a3f9d1e8ca73a5d8b45f027/original.mp4,2026-06-27T09:51:30.154Z
6a3f9d1f8ca73a5d8b45f035,1.mp4,video,6a339629c83cd92b28887889,Diagnose it,,rajivranjan0013@gmail.com,,users/6a31cf989801f82f3d1633bc/folders/6a3f9d118ca73a5d8b45efba/media/6a3f9d1f8ca73a5d8b45f035/original.mp4,https://media.theeasypost.com/users/6a31cf989801f82f3d1633bc/folders/6a3f9d118ca73a5d8b45efba/media/6a3f9d1f8ca73a5d8b45f035/original.mp4,2026-06-27T09:51:29.844Z
6a3f9d1f8ca73a5d8b45f034,344.mp4,video,6a339629c83cd92b28887889,Diagnose it,,rajivranjan0013@gmail.com,,users/6a31cf989801f82f3d1633bc/folders/6a3f9d118ca73a5d8b45efba/media/6a3f9d1f8ca73a5d8b45f034/original.mp4,https://media.theeasypost.com/users/6a31cf989801f82f3d1633bc/folders/6a3f9d118ca73a5d8b45efba/media/6a3f9d1f8ca73a5d8b45f034/original.mp4,2026-06-27T09:51:29.720Z
6a3f9d1f8ca73a5d8b45f02d,90.mp4,video,6a339629c83cd92b28887889,Diagnose it,,rajivranjan0013@gmail.com,,users/6a31cf989801f82f3d1633bc/folders/6a3f9d118ca73a5d8b45efba/media/6a3f9d1f8ca73a5d8b45f02d/original.mp4,https://media.theeasypost.com/users/6a31cf989801f82f3d1633bc/folders/6a3f9d118ca73a5d8b45efba/media/6a3f9d1f8ca73a5d8b45f02d/original.mp4,2026-06-27T09:51:29.555Z
6a3f9d1f8ca73a5d8b45f02e,47.mp4,video,6a339629c83cd92b28887889,Diagnose it,,rajivranjan0013@gmail.com,,users/6a31cf989801f82f3d1633bc/folders/6a3f9d118ca73a5d8b45efba/media/6a3f9d1f8ca73a5d8b45f02e/original.mp4,https://media.theeasypost.com/users/6a31cf989801f82f3d1633bc/folders/6a3f9d118ca73a5d8b45efba/media/6a3f9d1f8ca73a5d8b45f02e/original.mp4,2026-06-27T09:51:29.445Z
6a3f9d1f8ca73a5d8b45f02f,185.mp4,video,6a339629c83cd92b28887889,Diagnose it,,rajivranjan0013@gmail.com,,users/6a31cf989801f82f3d1633bc/folders/6a3f9d118ca73a5d8b45efba/media/6a3f9d1f8ca73a5d8b45f02f/original.mp4,https://media.theeasypost.com/users/6a31cf989801f82f3d1633bc/folders/6a3f9d118ca73a5d8b45efba/media/6a3f9d1f8ca73a5d8b45f02f/original.mp4,2026-06-27T09:51:29.433Z
6a3f9d1d8ca73a5d8b45f026,146.mp4,video,6a339629c83cd92b28887889,Diagnose it,,rajivranjan0013@gmail.com,,users/6a31cf989801f82f3d1633bc/folders/6a3f9d118ca73a5d8b45efba/media/6a3f9d1d8ca73a5d8b45f026/original.mp4,https://media.theeasypost.com/users/6a31cf989801f82f3d1633bc/folders/6a3f9d118ca73a5d8b45efba/media/6a3f9d1d8ca73a5d8b45f026/original.mp4,2026-06-27T09:51:29.028Z
6a3f9d1d8ca73a5d8b45f01f,230.mp4,video,6a339629c83cd92b28887889,Diagnose it,,rajivranjan0013@gmail.com,,users/6a31cf989801f82f3d1633bc/folders/6a3f9d118ca73a5d8b45efba/media/6a3f9d1d8ca73a5d8b45f01f/original.mp4,https://media.theeasypost.com/users/6a31cf989801f82f3d1633bc/folders/6a3f9d118ca73a5d8b45efba/media/6a3f9d1d8ca73a5d8b45f01f/original.mp4,2026-06-27T09:51:28.954Z
6a3f9d1e8ca73a5d8b45f02b,84.mp4,video,6a339629c83cd92b28887889,Diagnose it,,rajivranjan0013@gmail.com,,users/6a31cf989801f82f3d1633bc/folders/6a3f9d118ca73a5d8b45efba/media/6a3f9d1e8ca73a5d8b45f02b/original.mp4,https://media.theeasypost.com/users/6a31cf989801f82f3d1633bc/folders/6a3f9d118ca73a5d8b45efba/media/6a3f9d1e8ca73a5d8b45f02b/original.mp4,2026-06-27T09:51:28.931Z
6a3f9d1d8ca73a5d8b45f025,218.mp4,video,6a339629c83cd92b28887889,Diagnose it,,rajivranjan0013@gmail.com,,users/6a31cf989801f82f3d1633bc/folders/6a3f9d118ca73a5d8b45efba/media/6a3f9d1d8ca73a5d8b45f025/original.mp4,https://media.theeasypost.com/users/6a31cf989801f82f3d1633bc/folders/6a3f9d118ca73a5d8b45efba/media/6a3f9d1d8ca73a5d8b45f025/original.mp4,2026-06-27T09:51:28.467Z
6a3f9d1d8ca73a5d8b45f019,220.mp4,video,6a339629c83cd92b28887889,Diagnose it,,rajivranjan0013@gmail.com,,users/6a31cf989801f82f3d1633bc/folders/6a3f9d118ca73a5d8b45efba/media/6a3f9d1d8ca73a5d8b45f019/original.mp4,https://media.theeasypost.com/users/6a31cf989801f82f3d1633bc/folders/6a3f9d118ca73a5d8b45efba/media/6a3f9d1d8ca73a5d8b45f019/original.mp4,2026-06-27T09:51:28.038Z
6a3f9d1c8ca73a5d8b45f018,142.mp4,video,6a339629c83cd92b28887889,Diagnose it,,rajivranjan0013@gmail.com,,users/6a31cf989801f82f3d1633bc/folders/6a3f9d118ca73a5d8b45efba/media/6a3f9d1c8ca73a5d8b45f018/original.mp4,https://media.theeasypost.com/users/6a31cf989801f82f3d1633bc/folders/6a3f9d118ca73a5d8b45efba/media/6a3f9d1c8ca73a5d8b45f018/original.mp4,2026-06-27T09:51:27.777Z
6a3f9d1c8ca73a5d8b45f016,94.mp4,video,6a339629c83cd92b28887889,Diagnose it,,rajivranjan0013@gmail.com,,users/6a31cf989801f82f3d1633bc/folders/6a3f9d118ca73a5d8b45efba/media/6a3f9d1c8ca73a5d8b45f016/original.mp4,https://media.theeasypost.com/users/6a31cf989801f82f3d1633bc/folders/6a3f9d118ca73a5d8b45efba/media/6a3f9d1c8ca73a5d8b45f016/original.mp4,2026-06-27T09:51:27.668Z
6a3f9d1d8ca73a5d8b45f01b,208.mp4,video,6a339629c83cd92b28887889,Diagnose it,,rajivranjan0013@gmail.com,,users/6a31cf989801f82f3d1633bc/folders/6a3f9d118ca73a5d8b45efba/media/6a3f9d1d8ca73a5d8b45f01b/original.mp4,https://media.theeasypost.com/users/6a31cf989801f82f3d1633bc/folders/6a3f9d118ca73a5d8b45efba/media/6a3f9d1d8ca73a5d8b45f01b/original.mp4,2026-06-27T09:51:27.568Z
6a3f9d1d8ca73a5d8b45f01d,234.mp4,video,6a339629c83cd92b28887889,Diagnose it,,rajivranjan0013@gmail.com,,users/6a31cf989801f82f3d1633bc/folders/6a3f9d118ca73a5d8b45efba/media/6a3f9d1d8ca73a5d8b45f01d/original.mp4,https://media.theeasypost.com/users/6a31cf989801f82f3d1633bc/folders/6a3f9d118ca73a5d8b45efba/media/6a3f9d1d8ca73a5d8b45f01d/original.mp4,2026-06-27T09:51:27.529Z
6a3f9d1c8ca73a5d8b45f013,195.mp4,video,6a339629c83cd92b28887889,Diagnose it,,rajivranjan0013@gmail.com,,users/6a31cf989801f82f3d1633bc/folders/6a3f9d118ca73a5d8b45efba/media/6a3f9d1c8ca73a5d8b45f013/original.mp4,https://media.theeasypost.com/users/6a31cf989801f82f3d1633bc/folders/6a3f9d118ca73a5d8b45efba/media/6a3f9d1c8ca73a5d8b45f013/original.mp4,2026-06-27T09:51:27.525Z
6a3f9d1d8ca73a5d8b45f01a,80.mp4,video,6a339629c83cd92b28887889,Diagnose it,,rajivranjan0013@gmail.com,,users/6a31cf989801f82f3d1633bc/folders/6a3f9d118ca73a5d8b45efba/media/6a3f9d1d8ca73a5d8b45f01a/original.mp4,https://media.theeasypost.com/users/6a31cf989801f82f3d1633bc/folders/6a3f9d118ca73a5d8b45efba/media/6a3f9d1d8ca73a5d8b45f01a/original.mp4,2026-06-27T09:51:27.063Z
6a3f9d1b8ca73a5d8b45f009,181.mp4,video,6a339629c83cd92b28887889,Diagnose it,,rajivranjan0013@gmail.com,,users/6a31cf989801f82f3d1633bc/folders/6a3f9d118ca73a5d8b45efba/media/6a3f9d1b8ca73a5d8b45f009/original.mp4,https://media.theeasypost.com/users/6a31cf989801f82f3d1633bc/folders/6a3f9d118ca73a5d8b45efba/media/6a3f9d1b8ca73a5d8b45f009/original.mp4,2026-06-27T09:51:26.426Z
6a3f9d1c8ca73a5d8b45f012,156.mp4,video,6a339629c83cd92b28887889,Diagnose it,,rajivranjan0013@gmail.com,,users/6a31cf989801f82f3d1633bc/folders/6a3f9d118ca73a5d8b45efba/media/6a3f9d1c8ca73a5d8b45f012/original.mp4,https://media.theeasypost.com/users/6a31cf989801f82f3d1633bc/folders/6a3f9d118ca73a5d8b45efba/media/6a3f9d1c8ca73a5d8b45f012/original.mp4,2026-06-27T09:51:26.323Z
6a3f9d1b8ca73a5d8b45f00e,43.mp4,video,6a339629c83cd92b28887889,Diagnose it,,rajivranjan0013@gmail.com,,users/6a31cf989801f82f3d1633bc/folders/6a3f9d118ca73a5d8b45efba/media/6a3f9d1b8ca73a5d8b45f00e/original.mp4,https://media.theeasypost.com/users/6a31cf989801f82f3d1633bc/folders/6a3f9d118ca73a5d8b45efba/media/6a3f9d1b8ca73a5d8b45f00e/original.mp4,2026-06-27T09:51:26.318Z
6a3f9d1b8ca73a5d8b45f00b,5.mp4,video,6a339629c83cd92b28887889,Diagnose it,,rajivranjan0013@gmail.com,,users/6a31cf989801f82f3d1633bc/folders/6a3f9d118ca73a5d8b45efba/media/6a3f9d1b8ca73a5d8b45f00b/original.mp4,https://media.theeasypost.com/users/6a31cf989801f82f3d1633bc/folders/6a3f9d118ca73a5d8b45efba/media/6a3f9d1b8ca73a5d8b45f00b/original.mp4,2026-06-27T09:51:25.894Z
6a3f9d1b8ca73a5d8b45f00a,57.mp4,video,6a339629c83cd92b28887889,Diagnose it,,rajivranjan0013@gmail.com,,users/6a31cf989801f82f3d1633bc/folders/6a3f9d118ca73a5d8b45efba/media/6a3f9d1b8ca73a5d8b45f00a/original.mp4,https://media.theeasypost.com/users/6a31cf989801f82f3d1633bc/folders/6a3f9d118ca73a5d8b45efba/media/6a3f9d1b8ca73a5d8b45f00a/original.mp4,2026-06-27T09:51:25.890Z
6a3f9d1a8ca73a5d8b45f004,354.mp4,video,6a339629c83cd92b28887889,Diagnose it,,rajivranjan0013@gmail.com,,users/6a31cf989801f82f3d1633bc/folders/6a3f9d118ca73a5d8b45efba/media/6a3f9d1a8ca73a5d8b45f004/original.mp4,https://media.theeasypost.com/users/6a31cf989801f82f3d1633bc/folders/6a3f9d118ca73a5d8b45efba/media/6a3f9d1a8ca73a5d8b45f004/original.mp4,2026-06-27T09:51:25.881Z
6a3f9d1b8ca73a5d8b45f007,340.mp4,video,6a339629c83cd92b28887889,Diagnose it,,rajivranjan0013@gmail.com,,users/6a31cf989801f82f3d1633bc/folders/6a3f9d118ca73a5d8b45efba/media/6a3f9d1b8ca73a5d8b45f007/original.mp4,https://media.theeasypost.com/users/6a31cf989801f82f3d1633bc/folders/6a3f9d118ca73a5d8b45efba/media/6a3f9d1b8ca73a5d8b45f007/original.mp4,2026-06-27T09:51:25.508Z
6a3f9d1a8ca73a5d8b45f002,355.mp4,video,6a339629c83cd92b28887889,Diagnose it,,rajivranjan0013@gmail.com,,users/6a31cf989801f82f3d1633bc/folders/6a3f9d118ca73a5d8b45efba/media/6a3f9d1a8ca73a5d8b45f002/original.mp4,https://media.theeasypost.com/users/6a31cf989801f82f3d1633bc/folders/6a3f9d118ca73a5d8b45efba/media/6a3f9d1a8ca73a5d8b45f002/original.mp4,2026-06-27T09:51:25.451Z
6a3f9d1a8ca73a5d8b45f001,341.mp4,video,6a339629c83cd92b28887889,Diagnose it,,rajivranjan0013@gmail.com,,users/6a31cf989801f82f3d1633bc/folders/6a3f9d118ca73a5d8b45efba/media/6a3f9d1a8ca73a5d8b45f001/original.mp4,https://media.theeasypost.com/users/6a31cf989801f82f3d1633bc/folders/6a3f9d118ca73a5d8b45efba/media/6a3f9d1a8ca73a5d8b45f001/original.mp4,2026-06-27T09:51:25.101Z
6a3f9d198ca73a5d8b45effa,4.mp4,video,6a339629c83cd92b28887889,Diagnose it,,rajivranjan0013@gmail.com,,users/6a31cf989801f82f3d1633bc/folders/6a3f9d118ca73a5d8b45efba/media/6a3f9d198ca73a5d8b45effa/original.mp4,https://media.theeasypost.com/users/6a31cf989801f82f3d1633bc/folders/6a3f9d118ca73a5d8b45efba/media/6a3f9d198ca73a5d8b45effa/original.mp4,2026-06-27T09:51:24.712Z
6a3f9d1a8ca73a5d8b45f000,180.mp4,video,6a339629c83cd92b28887889,Diagnose it,,rajivranjan0013@gmail.com,,users/6a31cf989801f82f3d1633bc/folders/6a3f9d118ca73a5d8b45efba/media/6a3f9d1a8ca73a5d8b45f000/original.mp4,https://media.theeasypost.com/users/6a31cf989801f82f3d1633bc/folders/6a3f9d118ca73a5d8b45efba/media/6a3f9d1a8ca73a5d8b45f000/original.mp4,2026-06-27T09:51:24.640Z
6a3f9d1a8ca73a5d8b45efff,194.mp4,video,6a339629c83cd92b28887889,Diagnose it,,rajivranjan0013@gmail.com,,users/6a31cf989801f82f3d1633bc/folders/6a3f9d118ca73a5d8b45efba/media/6a3f9d1a8ca73a5d8b45efff/original.mp4,https://media.theeasypost.com/users/6a31cf989801f82f3d1633bc/folders/6a3f9d118ca73a5d8b45efba/media/6a3f9d1a8ca73a5d8b45efff/original.mp4,2026-06-27T09:51:24.493Z
6a3f9d188ca73a5d8b45efed,209.mp4,video,6a339629c83cd92b28887889,Diagnose it,,rajivranjan0013@gmail.com,,users/6a31cf989801f82f3d1633bc/folders/6a3f9d118ca73a5d8b45efba/media/6a3f9d188ca73a5d8b45efed/original.mp4,https://media.theeasypost.com/users/6a31cf989801f82f3d1633bc/folders/6a3f9d118ca73a5d8b45efba/media/6a3f9d188ca73a5d8b45efed/original.mp4,2026-06-27T09:51:24.104Z
6a3f9d198ca73a5d8b45efef,143.mp4,video,6a339629c83cd92b28887889,Diagnose it,,rajivranjan0013@gmail.com,,users/6a31cf989801f82f3d1633bc/folders/6a3f9d118ca73a5d8b45efba/media/6a3f9d198ca73a5d8b45efef/original.mp4,https://media.theeasypost.com/users/6a31cf989801f82f3d1633bc/folders/6a3f9d118ca73a5d8b45efba/media/6a3f9d198ca73a5d8b45efef/original.mp4,2026-06-27T09:51:23.924Z
6a3f9d198ca73a5d8b45eff7,56.mp4,video,6a339629c83cd92b28887889,Diagnose it,,rajivranjan0013@gmail.com,,users/6a31cf989801f82f3d1633bc/folders/6a3f9d118ca73a5d8b45efba/media/6a3f9d198ca73a5d8b45eff7/original.mp4,https://media.theeasypost.com/users/6a31cf989801f82f3d1633bc/folders/6a3f9d118ca73a5d8b45efba/media/6a3f9d198ca73a5d8b45eff7/original.mp4,2026-06-27T09:51:23.835Z
6a3f9d198ca73a5d8b45efee,81.mp4,video,6a339629c83cd92b28887889,Diagnose it,,rajivranjan0013@gmail.com,,users/6a31cf989801f82f3d1633bc/folders/6a3f9d118ca73a5d8b45efba/media/6a3f9d198ca73a5d8b45efee/original.mp4,https://media.theeasypost.com/users/6a31cf989801f82f3d1633bc/folders/6a3f9d118ca73a5d8b45efba/media/6a3f9d198ca73a5d8b45efee/original.mp4,2026-06-27T09:51:23.765Z
6a3f9d198ca73a5d8b45eff6,42.mp4,video,6a339629c83cd92b28887889,Diagnose it,,rajivranjan0013@gmail.com,,users/6a31cf989801f82f3d1633bc/folders/6a3f9d118ca73a5d8b45efba/media/6a3f9d198ca73a5d8b45eff6/original.mp4,https://media.theeasypost.com/users/6a31cf989801f82f3d1633bc/folders/6a3f9d118ca73a5d8b45efba/media/6a3f9d198ca73a5d8b45eff6/original.mp4,2026-06-27T09:51:23.758Z
6a3f9d198ca73a5d8b45eff1,157.mp4,video,6a339629c83cd92b28887889,Diagnose it,,rajivranjan0013@gmail.com,,users/6a31cf989801f82f3d1633bc/folders/6a3f9d118ca73a5d8b45efba/media/6a3f9d198ca73a5d8b45eff1/original.mp4,https://media.theeasypost.com/users/6a31cf989801f82f3d1633bc/folders/6a3f9d118ca73a5d8b45efba/media/6a3f9d198ca73a5d8b45eff1/original.mp4,2026-06-27T09:51:23.359Z
6a3f9d198ca73a5d8b45eff0,221.mp4,video,6a339629c83cd92b28887889,Diagnose it,,rajivranjan0013@gmail.com,,users/6a31cf989801f82f3d1633bc/folders/6a3f9d118ca73a5d8b45efba/media/6a3f9d198ca73a5d8b45eff0/original.mp4,https://media.theeasypost.com/users/6a31cf989801f82f3d1633bc/folders/6a3f9d118ca73a5d8b45efba/media/6a3f9d198ca73a5d8b45eff0/original.mp4,2026-06-27T09:51:23.275Z
6a3f9d188ca73a5d8b45efec,95.mp4,video,6a339629c83cd92b28887889,Diagnose it,,rajivranjan0013@gmail.com,,users/6a31cf989801f82f3d1633bc/folders/6a3f9d118ca73a5d8b45efba/media/6a3f9d188ca73a5d8b45efec/original.mp4,https://media.theeasypost.com/users/6a31cf989801f82f3d1633bc/folders/6a3f9d118ca73a5d8b45efba/media/6a3f9d188ca73a5d8b45efec/original.mp4,2026-06-27T09:51:23.013Z
6a3f9d178ca73a5d8b45efe8,223.mp4,video,6a339629c83cd92b28887889,Diagnose it,,rajivranjan0013@gmail.com,,users/6a31cf989801f82f3d1633bc/folders/6a3f9d118ca73a5d8b45efba/media/6a3f9d178ca73a5d8b45efe8/original.mp4,https://media.theeasypost.com/users/6a31cf989801f82f3d1633bc/folders/6a3f9d118ca73a5d8b45efba/media/6a3f9d178ca73a5d8b45efe8/original.mp4,2026-06-27T09:51:22.640Z
6a3f9d178ca73a5d8b45efe6,237.mp4,video,6a339629c83cd92b28887889,Diagnose it,,rajivranjan0013@gmail.com,,users/6a31cf989801f82f3d1633bc/folders/6a3f9d118ca73a5d8b45efba/media/6a3f9d178ca73a5d8b45efe6/original.mp4,https://media.theeasypost.com/users/6a31cf989801f82f3d1633bc/folders/6a3f9d118ca73a5d8b45efba/media/6a3f9d178ca73a5d8b45efe6/original.mp4,2026-06-27T09:51:22.436Z
6a3f9d178ca73a5d8b45efdf,141.mp4,video,6a339629c83cd92b28887889,Diagnose it,,rajivranjan0013@gmail.com,,users/6a31cf989801f82f3d1633bc/folders/6a3f9d118ca73a5d8b45efba/media/6a3f9d178ca73a5d8b45efdf/original.mp4,https://media.theeasypost.com/users/6a31cf989801f82f3d1633bc/folders/6a3f9d118ca73a5d8b45efba/media/6a3f9d178ca73a5d8b45efdf/original.mp4,2026-06-27T09:51:22.424Z
6a3f9d178ca73a5d8b45efe0,97.mp4,video,6a339629c83cd92b28887889,Diagnose it,,rajivranjan0013@gmail.com,,users/6a31cf989801f82f3d1633bc/folders/6a3f9d118ca73a5d8b45efba/media/6a3f9d178ca73a5d8b45efe0/original.mp4,https://media.theeasypost.com/users/6a31cf989801f82f3d1633bc/folders/6a3f9d118ca73a5d8b45efba/media/6a3f9d178ca73a5d8b45efe0/original.mp4,2026-06-27T09:51:22.401Z
6a3f9d178ca73a5d8b45efe2,83.mp4,video,6a339629c83cd92b28887889,Diagnose it,,rajivranjan0013@gmail.com,,users/6a31cf989801f82f3d1633bc/folders/6a3f9d118ca73a5d8b45efba/media/6a3f9d178ca73a5d8b45efe2/original.mp4,https://media.theeasypost.com/users/6a31cf989801f82f3d1633bc/folders/6a3f9d118ca73a5d8b45efba/media/6a3f9d178ca73a5d8b45efe2/original.mp4,2026-06-27T09:51:22.381Z
6a3f9d178ca73a5d8b45efde,155.mp4,video,6a339629c83cd92b28887889,Diagnose it,,rajivranjan0013@gmail.com,,users/6a31cf989801f82f3d1633bc/folders/6a3f9d118ca73a5d8b45efba/media/6a3f9d178ca73a5d8b45efde/original.mp4,https://media.theeasypost.com/users/6a31cf989801f82f3d1633bc/folders/6a3f9d118ca73a5d8b45efba/media/6a3f9d178ca73a5d8b45efde/original.mp4,2026-06-27T09:51:21.653Z
6a3f9d178ca73a5d8b45efe4,169.mp4,video,6a339629c83cd92b28887889,Diagnose it,,rajivranjan0013@gmail.com,,users/6a31cf989801f82f3d1633bc/folders/6a3f9d118ca73a5d8b45efba/media/6a3f9d178ca73a5d8b45efe4/original.mp4,https://media.theeasypost.com/users/6a31cf989801f82f3d1633bc/folders/6a3f9d118ca73a5d8b45efba/media/6a3f9d178ca73a5d8b45efe4/original.mp4,2026-06-27T09:51:21.613Z
6a3f9d168ca73a5d8b45efdb,54.mp4,video,6a339629c83cd92b28887889,Diagnose it,,rajivranjan0013@gmail.com,,users/6a31cf989801f82f3d1633bc/folders/6a3f9d118ca73a5d8b45efba/media/6a3f9d168ca73a5d8b45efdb/original.mp4,https://media.theeasypost.com/users/6a31cf989801f82f3d1633bc/folders/6a3f9d118ca73a5d8b45efba/media/6a3f9d168ca73a5d8b45efdb/original.mp4,2026-06-27T09:51:21.265Z
6a3f9d128ca73a5d8b45efc1,343.mp4,video,6a339629c83cd92b28887889,Diagnose it,,rajivranjan0013@gmail.com,,users/6a31cf989801f82f3d1633bc/folders/6a3f9d118ca73a5d8b45efba/media/6a3f9d128ca73a5d8b45efc1/original.mp4,https://media.theeasypost.com/users/6a31cf989801f82f3d1633bc/folders/6a3f9d118ca73a5d8b45efba/media/6a3f9d128ca73a5d8b45efc1/original.mp4,2026-06-27T09:51:21.195Z
6a3f9d168ca73a5d8b45efd9,6.mp4,video,6a339629c83cd92b28887889,Diagnose it,,rajivranjan0013@gmail.com,,users/6a31cf989801f82f3d1633bc/folders/6a3f9d118ca73a5d8b45efba/media/6a3f9d168ca73a5d8b45efd9/original.mp4,https://media.theeasypost.com/users/6a31cf989801f82f3d1633bc/folders/6a3f9d118ca73a5d8b45efba/media/6a3f9d168ca73a5d8b45efd9/original.mp4,2026-06-27T09:51:21.154Z
6a3f9d168ca73a5d8b45efd5,40.mp4,video,6a339629c83cd92b28887889,Diagnose it,,rajivranjan0013@gmail.com,,users/6a31cf989801f82f3d1633bc/folders/6a3f9d118ca73a5d8b45efba/media/6a3f9d168ca73a5d8b45efd5/original.mp4,https://media.theeasypost.com/users/6a31cf989801f82f3d1633bc/folders/6a3f9d118ca73a5d8b45efba/media/6a3f9d168ca73a5d8b45efd5/original.mp4,2026-06-27T09:51:21.131Z
6a3f9d128ca73a5d8b45efcb,68.mp4,video,6a339629c83cd92b28887889,Diagnose it,,rajivranjan0013@gmail.com,,users/6a31cf989801f82f3d1633bc/folders/6a3f9d118ca73a5d8b45efba/media/6a3f9d128ca73a5d8b45efcb/original.mp4,https://media.theeasypost.com/users/6a31cf989801f82f3d1633bc/folders/6a3f9d118ca73a5d8b45efba/media/6a3f9d128ca73a5d8b45efcb/original.mp4,2026-06-27T09:51:20.410Z
6a3f9d128ca73a5d8b45efcc,357.mp4,video,6a339629c83cd92b28887889,Diagnose it,,rajivranjan0013@gmail.com,,users/6a31cf989801f82f3d1633bc/folders/6a3f9d118ca73a5d8b45efba/media/6a3f9d128ca73a5d8b45efcc/original.mp4,https://media.theeasypost.com/users/6a31cf989801f82f3d1633bc/folders/6a3f9d118ca73a5d8b45efba/media/6a3f9d128ca73a5d8b45efcc/original.mp4,2026-06-27T09:51:20.287Z
6a3f9d128ca73a5d8b45efce,196.mp4,video,6a339629c83cd92b28887889,Diagnose it,,rajivranjan0013@gmail.com,,users/6a31cf989801f82f3d1633bc/folders/6a3f9d118ca73a5d8b45efba/media/6a3f9d128ca73a5d8b45efce/original.mp4,https://media.theeasypost.com/users/6a31cf989801f82f3d1633bc/folders/6a3f9d118ca73a5d8b45efba/media/6a3f9d128ca73a5d8b45efce/original.mp4,2026-06-27T09:51:20.277Z
6a3f9d128ca73a5d8b45efcd,182.mp4,video,6a339629c83cd92b28887889,Diagnose it,,rajivranjan0013@gmail.com,,users/6a31cf989801f82f3d1633bc/folders/6a3f9d118ca73a5d8b45efba/media/6a3f9d128ca73a5d8b45efcd/original.mp4,https://media.theeasypost.com/users/6a31cf989801f82f3d1633bc/folders/6a3f9d118ca73a5d8b45efba/media/6a3f9d128ca73a5d8b45efcd/original.mp4,2026-06-27T09:51:19.879Z
6a3f9d128ca73a5d8b45efc4,140.mp4,video,6a339629c83cd92b28887889,Diagnose it,,rajivranjan0013@gmail.com,,users/6a31cf989801f82f3d1633bc/folders/6a3f9d118ca73a5d8b45efba/media/6a3f9d128ca73a5d8b45efc4/original.mp4,https://media.theeasypost.com/users/6a31cf989801f82f3d1633bc/folders/6a3f9d118ca73a5d8b45efba/media/6a3f9d128ca73a5d8b45efc4/original.mp4,2026-06-27T09:51:19.834Z
6a3f9d128ca73a5d8b45efc7,236.mp4,video,6a339629c83cd92b28887889,Diagnose it,,rajivranjan0013@gmail.com,,users/6a31cf989801f82f3d1633bc/folders/6a3f9d118ca73a5d8b45efba/media/6a3f9d128ca73a5d8b45efc7/original.mp4,https://media.theeasypost.com/users/6a31cf989801f82f3d1633bc/folders/6a3f9d118ca73a5d8b45efba/media/6a3f9d128ca73a5d8b45efc7/original.mp4,2026-06-27T09:51:19.456Z
6a3f9d128ca73a5d8b45efc8,222.mp4,video,6a339629c83cd92b28887889,Diagnose it,,rajivranjan0013@gmail.com,,users/6a31cf989801f82f3d1633bc/folders/6a3f9d118ca73a5d8b45efba/media/6a3f9d128ca73a5d8b45efc8/original.mp4,https://media.theeasypost.com/users/6a31cf989801f82f3d1633bc/folders/6a3f9d118ca73a5d8b45efba/media/6a3f9d128ca73a5d8b45efc8/original.mp4,2026-06-27T09:51:19.449Z
6a3f9d128ca73a5d8b45efca,342.mp4,video,6a339629c83cd92b28887889,Diagnose it,,rajivranjan0013@gmail.com,,users/6a31cf989801f82f3d1633bc/folders/6a3f9d118ca73a5d8b45efba/media/6a3f9d128ca73a5d8b45efca/original.mp4,https://media.theeasypost.com/users/6a31cf989801f82f3d1633bc/folders/6a3f9d118ca73a5d8b45efba/media/6a3f9d128ca73a5d8b45efca/original.mp4,2026-06-27T09:51:19.293Z
6a3f9d128ca73a5d8b45efc6,197.mp4,video,6a339629c83cd92b28887889,Diagnose it,,rajivranjan0013@gmail.com,,users/6a31cf989801f82f3d1633bc/folders/6a3f9d118ca73a5d8b45efba/media/6a3f9d128ca73a5d8b45efc6/original.mp4,https://media.theeasypost.com/users/6a31cf989801f82f3d1633bc/folders/6a3f9d118ca73a5d8b45efba/media/6a3f9d128ca73a5d8b45efc6/original.mp4,2026-06-27T09:51:19.269Z
6a3f9d128ca73a5d8b45efc0,69.mp4,video,6a339629c83cd92b28887889,Diagnose it,,rajivranjan0013@gmail.com,,users/6a31cf989801f82f3d1633bc/folders/6a3f9d118ca73a5d8b45efba/media/6a3f9d128ca73a5d8b45efc0/original.mp4,https://media.theeasypost.com/users/6a31cf989801f82f3d1633bc/folders/6a3f9d118ca73a5d8b45efba/media/6a3f9d128ca73a5d8b45efc0/original.mp4,2026-06-27T09:51:18.794Z
6a3f9d128ca73a5d8b45efc9,183.mp4,video,6a339629c83cd92b28887889,Diagnose it,,rajivranjan0013@gmail.com,,users/6a31cf989801f82f3d1633bc/folders/6a3f9d118ca73a5d8b45efba/media/6a3f9d128ca73a5d8b45efc9/original.mp4,https://media.theeasypost.com/users/6a31cf989801f82f3d1633bc/folders/6a3f9d118ca73a5d8b45efba/media/6a3f9d128ca73a5d8b45efc9/original.mp4,2026-06-27T09:51:18.587Z
6a3f9d128ca73a5d8b45efc5,356.mp4,video,6a339629c83cd92b28887889,Diagnose it,,rajivranjan0013@gmail.com,,users/6a31cf989801f82f3d1633bc/folders/6a3f9d118ca73a5d8b45efba/media/6a3f9d128ca73a5d8b45efc5/original.mp4,https://media.theeasypost.com/users/6a31cf989801f82f3d1633bc/folders/6a3f9d118ca73a5d8b45efba/media/6a3f9d128ca73a5d8b45efc5/original.mp4,2026-06-27T09:51:18.241Z
6a3f9d128ca73a5d8b45efc3,96.mp4,video,6a339629c83cd92b28887889,Diagnose it,,rajivranjan0013@gmail.com,,users/6a31cf989801f82f3d1633bc/folders/6a3f9d118ca73a5d8b45efba/media/6a3f9d128ca73a5d8b45efc3/original.mp4,https://media.theeasypost.com/users/6a31cf989801f82f3d1633bc/folders/6a3f9d118ca73a5d8b45efba/media/6a3f9d128ca73a5d8b45efc3/original.mp4,2026-06-27T09:51:18.222Z
6a3f9d128ca73a5d8b45efc2,82.mp4,video,6a339629c83cd92b28887889,Diagnose it,,rajivranjan0013@gmail.com,,users/6a31cf989801f82f3d1633bc/folders/6a3f9d118ca73a5d8b45efba/media/6a3f9d128ca73a5d8b45efc2/original.mp4,https://media.theeasypost.com/users/6a31cf989801f82f3d1633bc/folders/6a3f9d118ca73a5d8b45efba/media/6a3f9d128ca73a5d8b45efc2/original.mp4,2026-06-27T09:51:17.845Z
6a3f9d128ca73a5d8b45efbc,168.mp4,video,6a339629c83cd92b28887889,Diagnose it,,rajivranjan0013@gmail.com,,users/6a31cf989801f82f3d1633bc/folders/6a3f9d118ca73a5d8b45efba/media/6a3f9d128ca73a5d8b45efbc/original.mp4,https://media.theeasypost.com/users/6a31cf989801f82f3d1633bc/folders/6a3f9d118ca73a5d8b45efba/media/6a3f9d128ca73a5d8b45efbc/original.mp4,2026-06-27T09:51:17.778Z
6a3f9d128ca73a5d8b45efbf,7.mp4,video,6a339629c83cd92b28887889,Diagnose it,,rajivranjan0013@gmail.com,,users/6a31cf989801f82f3d1633bc/folders/6a3f9d118ca73a5d8b45efba/media/6a3f9d128ca73a5d8b45efbf/original.mp4,https://media.theeasypost.com/users/6a31cf989801f82f3d1633bc/folders/6a3f9d118ca73a5d8b45efba/media/6a3f9d128ca73a5d8b45efbf/original.mp4,2026-06-27T09:51:17.703Z
6a3f9d128ca73a5d8b45efbe,154.mp4,video,6a339629c83cd92b28887889,Diagnose it,,rajivranjan0013@gmail.com,,users/6a31cf989801f82f3d1633bc/folders/6a3f9d118ca73a5d8b45efba/media/6a3f9d128ca73a5d8b45efbe/original.mp4,https://media.theeasypost.com/users/6a31cf989801f82f3d1633bc/folders/6a3f9d118ca73a5d8b45efba/media/6a3f9d128ca73a5d8b45efbe/original.mp4,2026-06-27T09:51:17.678Z
6a3f9d128ca73a5d8b45efbb,55.mp4,video,6a339629c83cd92b28887889,Diagnose it,,rajivranjan0013@gmail.com,,users/6a31cf989801f82f3d1633bc/folders/6a3f9d118ca73a5d8b45efba/media/6a3f9d128ca73a5d8b45efbb/original.mp4,https://media.theeasypost.com/users/6a31cf989801f82f3d1633bc/folders/6a3f9d118ca73a5d8b45efba/media/6a3f9d128ca73a5d8b45efbb/original.mp4,2026-06-27T09:51:17.347Z
6a3f9d128ca73a5d8b45efbd,41.mp4,video,6a339629c83cd92b28887889,Diagnose it,,rajivranjan0013@gmail.com,,users/6a31cf989801f82f3d1633bc/folders/6a3f9d118ca73a5d8b45efba/media/6a3f9d128ca73a5d8b45efbd/original.mp4,https://media.theeasypost.com/users/6a31cf989801f82f3d1633bc/folders/6a3f9d118ca73a5d8b45efba/media/6a3f9d128ca73a5d8b45efbd/original.mp4,2026-06-27T09:51:16.987Z
6a3f9c6c8ca73a5d8b45ee87,180.mp4,video,6a339629c83cd92b28887889,Diagnose it,,rajivranjan0013@gmail.com,,users/6a31cf989801f82f3d1633bc/folders/6a3f9c518ca73a5d8b45ee3a/media/6a3f9c6c8ca73a5d8b45ee87/original.mp4,https://media.theeasypost.com/users/6a31cf989801f82f3d1633bc/folders/6a3f9c518ca73a5d8b45ee3a/media/6a3f9c6c8ca73a5d8b45ee87/original.mp4,2026-06-27T09:48:30.320Z
6a3f9c6b8ca73a5d8b45ee84,4.mp4,video,6a339629c83cd92b28887889,Diagnose it,,rajivranjan0013@gmail.com,,users/6a31cf989801f82f3d1633bc/folders/6a3f9c518ca73a5d8b45ee3a/media/6a3f9c6b8ca73a5d8b45ee84/original.mp4,https://media.theeasypost.com/users/6a31cf989801f82f3d1633bc/folders/6a3f9c518ca73a5d8b45ee3a/media/6a3f9c6b8ca73a5d8b45ee84/original.mp4,2026-06-27T09:48:28.848Z
6a3f9c6b8ca73a5d8b45ee83,56.mp4,video,6a339629c83cd92b28887889,Diagnose it,,rajivranjan0013@gmail.com,,users/6a31cf989801f82f3d1633bc/folders/6a3f9c518ca73a5d8b45ee3a/media/6a3f9c6b8ca73a5d8b45ee83/original.mp4,https://media.theeasypost.com/users/6a31cf989801f82f3d1633bc/folders/6a3f9c518ca73a5d8b45ee3a/media/6a3f9c6b8ca73a5d8b45ee83/original.mp4,2026-06-27T09:48:28.747Z
6a3f9c6a8ca73a5d8b45ee82,42.mp4,video,6a339629c83cd92b28887889,Diagnose it,,rajivranjan0013@gmail.com,,users/6a31cf989801f82f3d1633bc/folders/6a3f9c518ca73a5d8b45ee3a/media/6a3f9c6a8ca73a5d8b45ee82/original.mp4,https://media.theeasypost.com/users/6a31cf989801f82f3d1633bc/folders/6a3f9c518ca73a5d8b45ee3a/media/6a3f9c6a8ca73a5d8b45ee82/original.mp4,2026-06-27T09:48:28.328Z
6a3f9c698ca73a5d8b45ee7e,157.mp4,video,6a339629c83cd92b28887889,Diagnose it,,rajivranjan0013@gmail.com,,users/6a31cf989801f82f3d1633bc/folders/6a3f9c518ca73a5d8b45ee3a/media/6a3f9c698ca73a5d8b45ee7e/original.mp4,https://media.theeasypost.com/users/6a31cf989801f82f3d1633bc/folders/6a3f9c518ca73a5d8b45ee3a/media/6a3f9c698ca73a5d8b45ee7e/original.mp4,2026-06-27T09:48:27.873Z
6a3f9c688ca73a5d8b45ee7c,143.mp4,video,6a339629c83cd92b28887889,Diagnose it,,rajivranjan0013@gmail.com,,users/6a31cf989801f82f3d1633bc/folders/6a3f9c518ca73a5d8b45ee3a/media/6a3f9c688ca73a5d8b45ee7c/original.mp4,https://media.theeasypost.com/users/6a31cf989801f82f3d1633bc/folders/6a3f9c518ca73a5d8b45ee3a/media/6a3f9c688ca73a5d8b45ee7c/original.mp4,2026-06-27T09:48:26.548Z
6a3f9c688ca73a5d8b45ee7a,81.mp4,video,6a339629c83cd92b28887889,Diagnose it,,rajivranjan0013@gmail.com,,users/6a31cf989801f82f3d1633bc/folders/6a3f9c518ca73a5d8b45ee3a/media/6a3f9c688ca73a5d8b45ee7a/original.mp4,https://media.theeasypost.com/users/6a31cf989801f82f3d1633bc/folders/6a3f9c518ca73a5d8b45ee3a/media/6a3f9c688ca73a5d8b45ee7a/original.mp4,2026-06-27T09:48:26.346Z
6a3f9c688ca73a5d8b45ee7b,95.mp4,video,6a339629c83cd92b28887889,Diagnose it,,rajivranjan0013@gmail.com,,users/6a31cf989801f82f3d1633bc/folders/6a3f9c518ca73a5d8b45ee3a/media/6a3f9c688ca73a5d8b45ee7b/original.mp4,https://media.theeasypost.com/users/6a31cf989801f82f3d1633bc/folders/6a3f9c518ca73a5d8b45ee3a/media/6a3f9c688ca73a5d8b45ee7b/original.mp4,2026-06-27T09:48:26.071Z
6a3f9c678ca73a5d8b45ee76,221.mp4,video,6a339629c83cd92b28887889,Diagnose it,,rajivranjan0013@gmail.com,,users/6a31cf989801f82f3d1633bc/folders/6a3f9c518ca73a5d8b45ee3a/media/6a3f9c678ca73a5d8b45ee76/original.mp4,https://media.theeasypost.com/users/6a31cf989801f82f3d1633bc/folders/6a3f9c518ca73a5d8b45ee3a/media/6a3f9c678ca73a5d8b45ee76/original.mp4,2026-06-27T09:48:25.047Z
6a3f9c668ca73a5d8b45ee74,209.mp4,video,6a339629c83cd92b28887889,Diagnose it,,rajivranjan0013@gmail.com,,users/6a31cf989801f82f3d1633bc/folders/6a3f9c518ca73a5d8b45ee3a/media/6a3f9c668ca73a5d8b45ee74/original.mp4,https://media.theeasypost.com/users/6a31cf989801f82f3d1633bc/folders/6a3f9c518ca73a5d8b45ee3a/media/6a3f9c668ca73a5d8b45ee74/original.mp4,2026-06-27T09:48:24.122Z
6a3f9c668ca73a5d8b45ee73,223.mp4,video,6a339629c83cd92b28887889,Diagnose it,,rajivranjan0013@gmail.com,,users/6a31cf989801f82f3d1633bc/folders/6a3f9c518ca73a5d8b45ee3a/media/6a3f9c668ca73a5d8b45ee73/original.mp4,https://media.theeasypost.com/users/6a31cf989801f82f3d1633bc/folders/6a3f9c518ca73a5d8b45ee3a/media/6a3f9c668ca73a5d8b45ee73/original.mp4,2026-06-27T09:48:23.789Z
6a3f9c658ca73a5d8b45ee72,237.mp4,video,6a339629c83cd92b28887889,Diagnose it,,rajivranjan0013@gmail.com,,users/6a31cf989801f82f3d1633bc/folders/6a3f9c518ca73a5d8b45ee3a/media/6a3f9c658ca73a5d8b45ee72/original.mp4,https://media.theeasypost.com/users/6a31cf989801f82f3d1633bc/folders/6a3f9c518ca73a5d8b45ee3a/media/6a3f9c658ca73a5d8b45ee72/original.mp4,2026-06-27T09:48:23.702Z
6a3f9c648ca73a5d8b45ee6d,169.mp4,video,6a339629c83cd92b28887889,Diagnose it,,rajivranjan0013@gmail.com,,users/6a31cf989801f82f3d1633bc/folders/6a3f9c518ca73a5d8b45ee3a/media/6a3f9c648ca73a5d8b45ee6d/original.mp4,https://media.theeasypost.com/users/6a31cf989801f82f3d1633bc/folders/6a3f9c518ca73a5d8b45ee3a/media/6a3f9c648ca73a5d8b45ee6d/original.mp4,2026-06-27T09:48:22.556Z
6a3f9c648ca73a5d8b45ee6e,97.mp4,video,6a339629c83cd92b28887889,Diagnose it,,rajivranjan0013@gmail.com,,users/6a31cf989801f82f3d1633bc/folders/6a3f9c518ca73a5d8b45ee3a/media/6a3f9c648ca73a5d8b45ee6e/original.mp4,https://media.theeasypost.com/users/6a31cf989801f82f3d1633bc/folders/6a3f9c518ca73a5d8b45ee3a/media/6a3f9c648ca73a5d8b45ee6e/original.mp4,2026-06-27T09:48:21.708Z
6a3f9c638ca73a5d8b45ee69,155.mp4,video,6a339629c83cd92b28887889,Diagnose it,,rajivranjan0013@gmail.com,,users/6a31cf989801f82f3d1633bc/folders/6a3f9c518ca73a5d8b45ee3a/media/6a3f9c638ca73a5d8b45ee69/original.mp4,https://media.theeasypost.com/users/6a31cf989801f82f3d1633bc/folders/6a3f9c518ca73a5d8b45ee3a/media/6a3f9c638ca73a5d8b45ee69/original.mp4,2026-06-27T09:48:21.236Z
6a3f9c638ca73a5d8b45ee6c,83.mp4,video,6a339629c83cd92b28887889,Diagnose it,,rajivranjan0013@gmail.com,,users/6a31cf989801f82f3d1633bc/folders/6a3f9c518ca73a5d8b45ee3a/media/6a3f9c638ca73a5d8b45ee6c/original.mp4,https://media.theeasypost.com/users/6a31cf989801f82f3d1633bc/folders/6a3f9c518ca73a5d8b45ee3a/media/6a3f9c638ca73a5d8b45ee6c/original.mp4,2026-06-27T09:48:21.112Z
6a3f9c618ca73a5d8b45ee65,54.mp4,video,6a339629c83cd92b28887889,Diagnose it,,rajivranjan0013@gmail.com,,users/6a31cf989801f82f3d1633bc/folders/6a3f9c518ca73a5d8b45ee3a/media/6a3f9c618ca73a5d8b45ee65/original.mp4,https://media.theeasypost.com/users/6a31cf989801f82f3d1633bc/folders/6a3f9c518ca73a5d8b45ee3a/media/6a3f9c618ca73a5d8b45ee65/original.mp4,2026-06-27T09:48:19.465Z
6a3f9c618ca73a5d8b45ee66,141.mp4,video,6a339629c83cd92b28887889,Diagnose it,,rajivranjan0013@gmail.com,,users/6a31cf989801f82f3d1633bc/folders/6a3f9c518ca73a5d8b45ee3a/media/6a3f9c618ca73a5d8b45ee66/original.mp4,https://media.theeasypost.com/users/6a31cf989801f82f3d1633bc/folders/6a3f9c518ca73a5d8b45ee3a/media/6a3f9c618ca73a5d8b45ee66/original.mp4,2026-06-27T09:48:19.245Z
6a3f9c618ca73a5d8b45ee64,6.mp4,video,6a339629c83cd92b28887889,Diagnose it,,rajivranjan0013@gmail.com,,users/6a31cf989801f82f3d1633bc/folders/6a3f9c518ca73a5d8b45ee3a/media/6a3f9c618ca73a5d8b45ee64/original.mp4,https://media.theeasypost.com/users/6a31cf989801f82f3d1633bc/folders/6a3f9c518ca73a5d8b45ee3a/media/6a3f9c618ca73a5d8b45ee64/original.mp4,2026-06-27T09:48:18.819Z
6a3f9c608ca73a5d8b45ee61,40.mp4,video,6a339629c83cd92b28887889,Diagnose it,,rajivranjan0013@gmail.com,,users/6a31cf989801f82f3d1633bc/folders/6a3f9c518ca73a5d8b45ee3a/media/6a3f9c608ca73a5d8b45ee61/original.mp4,https://media.theeasypost.com/users/6a31cf989801f82f3d1633bc/folders/6a3f9c518ca73a5d8b45ee3a/media/6a3f9c608ca73a5d8b45ee61/original.mp4,2026-06-27T09:48:18.292Z
6a3f9c5f8ca73a5d8b45ee5e,68.mp4,video,6a339629c83cd92b28887889,Diagnose it,,rajivranjan0013@gmail.com,,users/6a31cf989801f82f3d1633bc/folders/6a3f9c518ca73a5d8b45ee3a/media/6a3f9c5f8ca73a5d8b45ee5e/original.mp4,https://media.theeasypost.com/users/6a31cf989801f82f3d1633bc/folders/6a3f9c518ca73a5d8b45ee3a/media/6a3f9c5f8ca73a5d8b45ee5e/original.mp4,2026-06-27T09:48:16.923Z
6a3f9c5e8ca73a5d8b45ee5d,196.mp4,video,6a339629c83cd92b28887889,Diagnose it,,rajivranjan0013@gmail.com,,users/6a31cf989801f82f3d1633bc/folders/6a3f9c518ca73a5d8b45ee3a/media/6a3f9c5e8ca73a5d8b45ee5d/original.mp4,https://media.theeasypost.com/users/6a31cf989801f82f3d1633bc/folders/6a3f9c518ca73a5d8b45ee3a/media/6a3f9c5e8ca73a5d8b45ee5d/original.mp4,2026-06-27T09:48:16.812Z
6a3f9c5e8ca73a5d8b45ee5c,182.mp4,video,6a339629c83cd92b28887889,Diagnose it,,rajivranjan0013@gmail.com,,users/6a31cf989801f82f3d1633bc/folders/6a3f9c518ca73a5d8b45ee3a/media/6a3f9c5e8ca73a5d8b45ee5c/original.mp4,https://media.theeasypost.com/users/6a31cf989801f82f3d1633bc/folders/6a3f9c518ca73a5d8b45ee3a/media/6a3f9c5e8ca73a5d8b45ee5c/original.mp4,2026-06-27T09:48:16.353Z
6a3f9c5e8ca73a5d8b45ee5a,357.mp4,video,6a339629c83cd92b28887889,Diagnose it,,rajivranjan0013@gmail.com,,users/6a31cf989801f82f3d1633bc/folders/6a3f9c518ca73a5d8b45ee3a/media/6a3f9c5e8ca73a5d8b45ee5a/original.mp4,https://media.theeasypost.com/users/6a31cf989801f82f3d1633bc/folders/6a3f9c518ca73a5d8b45ee3a/media/6a3f9c5e8ca73a5d8b45ee5a/original.mp4,2026-06-27T09:48:15.915Z
6a3f9c5b8ca73a5d8b45ee55,342.mp4,video,6a339629c83cd92b28887889,Diagnose it,,rajivranjan0013@gmail.com,,users/6a31cf989801f82f3d1633bc/folders/6a3f9c518ca73a5d8b45ee3a/media/6a3f9c5b8ca73a5d8b45ee55/original.mp4,https://media.theeasypost.com/users/6a31cf989801f82f3d1633bc/folders/6a3f9c518ca73a5d8b45ee3a/media/6a3f9c5b8ca73a5d8b45ee55/original.mp4,2026-06-27T09:48:14.182Z
6a3f9c5c8ca73a5d8b45ee56,343.mp4,video,6a339629c83cd92b28887889,Diagnose it,,rajivranjan0013@gmail.com,,users/6a31cf989801f82f3d1633bc/folders/6a3f9c518ca73a5d8b45ee3a/media/6a3f9c5c8ca73a5d8b45ee56/original.mp4,https://media.theeasypost.com/users/6a31cf989801f82f3d1633bc/folders/6a3f9c518ca73a5d8b45ee3a/media/6a3f9c5c8ca73a5d8b45ee56/original.mp4,2026-06-27T09:48:13.823Z
6a3f9c5b8ca73a5d8b45ee53,183.mp4,video,6a339629c83cd92b28887889,Diagnose it,,rajivranjan0013@gmail.com,,users/6a31cf989801f82f3d1633bc/folders/6a3f9c518ca73a5d8b45ee3a/media/6a3f9c5b8ca73a5d8b45ee53/original.mp4,https://media.theeasypost.com/users/6a31cf989801f82f3d1633bc/folders/6a3f9c518ca73a5d8b45ee3a/media/6a3f9c5b8ca73a5d8b45ee53/original.mp4,2026-06-27T09:48:13.709Z
6a3f9c5b8ca73a5d8b45ee54,356.mp4,video,6a339629c83cd92b28887889,Diagnose it,,rajivranjan0013@gmail.com,,users/6a31cf989801f82f3d1633bc/folders/6a3f9c518ca73a5d8b45ee3a/media/6a3f9c5b8ca73a5d8b45ee54/original.mp4,https://media.theeasypost.com/users/6a31cf989801f82f3d1633bc/folders/6a3f9c518ca73a5d8b45ee3a/media/6a3f9c5b8ca73a5d8b45ee54/original.mp4,2026-06-27T09:48:13.325Z
6a3f9c598ca73a5d8b45ee4d,197.mp4,video,6a339629c83cd92b28887889,Diagnose it,,rajivranjan0013@gmail.com,,users/6a31cf989801f82f3d1633bc/folders/6a3f9c518ca73a5d8b45ee3a/media/6a3f9c598ca73a5d8b45ee4d/original.mp4,https://media.theeasypost.com/users/6a31cf989801f82f3d1633bc/folders/6a3f9c518ca73a5d8b45ee3a/media/6a3f9c598ca73a5d8b45ee4d/original.mp4,2026-06-27T09:48:11.392Z
6a3f9c598ca73a5d8b45ee4e,69.mp4,video,6a339629c83cd92b28887889,Diagnose it,,rajivranjan0013@gmail.com,,users/6a31cf989801f82f3d1633bc/folders/6a3f9c518ca73a5d8b45ee3a/media/6a3f9c598ca73a5d8b45ee4e/original.mp4,https://media.theeasypost.com/users/6a31cf989801f82f3d1633bc/folders/6a3f9c518ca73a5d8b45ee3a/media/6a3f9c598ca73a5d8b45ee4e/original.mp4,2026-06-27T09:48:11.081Z
6a3f9c598ca73a5d8b45ee4c,41.mp4,video,6a339629c83cd92b28887889,Diagnose it,,rajivranjan0013@gmail.com,,users/6a31cf989801f82f3d1633bc/folders/6a3f9c518ca73a5d8b45ee3a/media/6a3f9c598ca73a5d8b45ee4c/original.mp4,https://media.theeasypost.com/users/6a31cf989801f82f3d1633bc/folders/6a3f9c518ca73a5d8b45ee3a/media/6a3f9c598ca73a5d8b45ee4c/original.mp4,2026-06-27T09:48:10.986Z
6a3f9c588ca73a5d8b45ee48,55.mp4,video,6a339629c83cd92b28887889,Diagnose it,,rajivranjan0013@gmail.com,,users/6a31cf989801f82f3d1633bc/folders/6a3f9c518ca73a5d8b45ee3a/media/6a3f9c588ca73a5d8b45ee48/original.mp4,https://media.theeasypost.com/users/6a31cf989801f82f3d1633bc/folders/6a3f9c518ca73a5d8b45ee3a/media/6a3f9c588ca73a5d8b45ee48/original.mp4,2026-06-27T09:48:10.572Z
6a3f9c568ca73a5d8b45ee44,154.mp4,video,6a339629c83cd92b28887889,Diagnose it,,rajivranjan0013@gmail.com,,users/6a31cf989801f82f3d1633bc/folders/6a3f9c518ca73a5d8b45ee3a/media/6a3f9c568ca73a5d8b45ee44/original.mp4,https://media.theeasypost.com/users/6a31cf989801f82f3d1633bc/folders/6a3f9c518ca73a5d8b45ee3a/media/6a3f9c568ca73a5d8b45ee44/original.mp4,2026-06-27T09:48:08.581Z
6a3f9c568ca73a5d8b45ee46,7.mp4,video,6a339629c83cd92b28887889,Diagnose it,,rajivranjan0013@gmail.com,,users/6a31cf989801f82f3d1633bc/folders/6a3f9c518ca73a5d8b45ee3a/media/6a3f9c568ca73a5d8b45ee46/original.mp4,https://media.theeasypost.com/users/6a31cf989801f82f3d1633bc/folders/6a3f9c518ca73a5d8b45ee3a/media/6a3f9c568ca73a5d8b45ee46/original.mp4,2026-06-27T09:48:08.521Z
6a3f9c568ca73a5d8b45ee45,140.mp4,video,6a339629c83cd92b28887889,Diagnose it,,rajivranjan0013@gmail.com,,users/6a31cf989801f82f3d1633bc/folders/6a3f9c518ca73a5d8b45ee3a/media/6a3f9c568ca73a5d8b45ee45/original.mp4,https://media.theeasypost.com/users/6a31cf989801f82f3d1633bc/folders/6a3f9c518ca73a5d8b45ee3a/media/6a3f9c568ca73a5d8b45ee45/original.mp4,2026-06-27T09:48:08.503Z
6a3f9c558ca73a5d8b45ee43,82.mp4,video,6a339629c83cd92b28887889,Diagnose it,,rajivranjan0013@gmail.com,,users/6a31cf989801f82f3d1633bc/folders/6a3f9c518ca73a5d8b45ee3a/media/6a3f9c558ca73a5d8b45ee43/original.mp4,https://media.theeasypost.com/users/6a31cf989801f82f3d1633bc/folders/6a3f9c518ca73a5d8b45ee3a/media/6a3f9c558ca73a5d8b45ee43/original.mp4,2026-06-27T09:48:07.710Z
6a3f9c528ca73a5d8b45ee3c,222.mp4,video,6a339629c83cd92b28887889,Diagnose it,,rajivranjan0013@gmail.com,,users/6a31cf989801f82f3d1633bc/folders/6a3f9c518ca73a5d8b45ee3a/media/6a3f9c528ca73a5d8b45ee3c/original.mp4,https://media.theeasypost.com/users/6a31cf989801f82f3d1633bc/folders/6a3f9c518ca73a5d8b45ee3a/media/6a3f9c528ca73a5d8b45ee3c/original.mp4,2026-06-27T09:48:05.643Z
6a3f9c528ca73a5d8b45ee3b,96.mp4,video,6a339629c83cd92b28887889,Diagnose it,,rajivranjan0013@gmail.com,,users/6a31cf989801f82f3d1633bc/folders/6a3f9c518ca73a5d8b45ee3a/media/6a3f9c528ca73a5d8b45ee3b/original.mp4,https://media.theeasypost.com/users/6a31cf989801f82f3d1633bc/folders/6a3f9c518ca73a5d8b45ee3a/media/6a3f9c528ca73a5d8b45ee3b/original.mp4,2026-06-27T09:48:05.447Z
6a3f9c528ca73a5d8b45ee3d,236.mp4,video,6a339629c83cd92b28887889,Diagnose it,,rajivranjan0013@gmail.com,,users/6a31cf989801f82f3d1633bc/folders/6a3f9c518ca73a5d8b45ee3a/media/6a3f9c528ca73a5d8b45ee3d/original.mp4,https://media.theeasypost.com/users/6a31cf989801f82f3d1633bc/folders/6a3f9c518ca73a5d8b45ee3a/media/6a3f9c528ca73a5d8b45ee3d/original.mp4,2026-06-27T09:48:05.312Z
6a3f9c528ca73a5d8b45ee3e,168.mp4,video,6a339629c83cd92b28887889,Diagnose it,,rajivranjan0013@gmail.com,,users/6a31cf989801f82f3d1633bc/folders/6a3f9c518ca73a5d8b45ee3a/media/6a3f9c528ca73a5d8b45ee3e/original.mp4,https://media.theeasypost.com/users/6a31cf989801f82f3d1633bc/folders/6a3f9c518ca73a5d8b45ee3a/media/6a3f9c528ca73a5d8b45ee3e/original.mp4,2026-06-27T09:48:05.210Z
6a3860912c1259a38bcf005b,bulk_video_2.mp4,video,6a339629c83cd92b28887889,Diagnose it,,rajivranjan0013@gmail.com,,users/6a31cf989801f82f3d1633bc/folders/6a34cfce6bd0780eaacc42cf/media/6a3860912c1259a38bcf005b/original.mp4,https://media.theeasypost.com/users/6a31cf989801f82f3d1633bc/folders/6a34cfce6bd0780eaacc42cf/media/6a3860912c1259a38bcf005b/original.mp4,2026-06-21T22:07:15.315Z
6a38608e2c1259a38bcf0059,bulk_video_1.mp4,video,6a339629c83cd92b28887889,Diagnose it,,rajivranjan0013@gmail.com,,users/6a31cf989801f82f3d1633bc/folders/6a34cfce6bd0780eaacc42cf/media/6a38608e2c1259a38bcf0059/original.mp4,https://media.theeasypost.com/users/6a31cf989801f82f3d1633bc/folders/6a34cfce6bd0780eaacc42cf/media/6a38608e2c1259a38bcf0059/original.mp4,2026-06-21T22:07:13.095Z
6a34cfe46bd0780eaacc42d4,204.mp4,video,6a339629c83cd92b28887889,Diagnose it,,ayushkumarsanu00@gmail.com,,users/6a2ff53d1b7d77c8939e873e/folders/6a34cfce6bd0780eaacc42cf/media/6a34cfe46bd0780eaacc42d4/original.mp4,https://media.theeasypost.com/users/6a2ff53d1b7d77c8939e873e/folders/6a34cfce6bd0780eaacc42cf/media/6a34cfe46bd0780eaacc42d4/original.mp4,2026-06-19T05:13:08.390Z
6a34cfe16bd0780eaacc42d3,205.mp4,video,6a339629c83cd92b28887889,Diagnose it,,ayushkumarsanu00@gmail.com,,users/6a2ff53d1b7d77c8939e873e/folders/6a34cfce6bd0780eaacc42cf/media/6a34cfe16bd0780eaacc42d3/original.mp4,https://media.theeasypost.com/users/6a2ff53d1b7d77c8939e873e/folders/6a34cfce6bd0780eaacc42cf/media/6a34cfe16bd0780eaacc42d3/original.mp4,2026-06-19T05:13:05.701Z
6a34cfda6bd0780eaacc42d2,201.mp4,video,6a339629c83cd92b28887889,Diagnose it,,ayushkumarsanu00@gmail.com,,users/6a2ff53d1b7d77c8939e873e/folders/6a34cfce6bd0780eaacc42cf/media/6a34cfda6bd0780eaacc42d2/original.mp4,https://media.theeasypost.com/users/6a2ff53d1b7d77c8939e873e/folders/6a34cfce6bd0780eaacc42cf/media/6a34cfda6bd0780eaacc42d2/original.mp4,2026-06-19T05:12:58.254Z
6a34cfd66bd0780eaacc42d1,202.mp4,video,6a339629c83cd92b28887889,Diagnose it,,ayushkumarsanu00@gmail.com,,users/6a2ff53d1b7d77c8939e873e/folders/6a34cfce6bd0780eaacc42cf/media/6a34cfd66bd0780eaacc42d1/original.mp4,https://media.theeasypost.com/users/6a2ff53d1b7d77c8939e873e/folders/6a34cfce6bd0780eaacc42cf/media/6a34cfd66bd0780eaacc42d1/original.mp4,2026-06-19T05:12:54.992Z
6a34cfd06bd0780eaacc42d0,203.mp4,video,6a339629c83cd92b28887889,Diagnose it,,ayushkumarsanu00@gmail.com,,users/6a2ff53d1b7d77c8939e873e/folders/6a34cfce6bd0780eaacc42cf/media/6a34cfd06bd0780eaacc42d0/original.mp4,https://media.theeasypost.com/users/6a2ff53d1b7d77c8939e873e/folders/6a34cfce6bd0780eaacc42cf/media/6a34cfd06bd0780eaacc42d0/original.mp4,2026-06-19T05:12:48.643Z
6a44ca339e38f35bcea848aa,106_hook-5_overlay-6_promo.mp4,video,6a3702c2771c89e7e9a29f79,Penguin Couples app,,rajivranjan0013@gmail.com,,users/6a31cf989801f82f3d1633bc/folders/6a44c9bd9e38f35bcea847e9/media/6a44ca339e38f35bcea848aa/original.mp4,https://media.theeasypost.com/users/6a31cf989801f82f3d1633bc/folders/6a44c9bd9e38f35bcea847e9/media/6a44ca339e38f35bcea848aa/original.mp4,2026-07-01T08:05:38.381Z
6a44ca3f9e38f35bcea848c1,117_hook-4_overlay-17_promo.mp4,video,6a3702c2771c89e7e9a29f79,Penguin Couples app,,rajivranjan0013@gmail.com,,users/6a31cf989801f82f3d1633bc/folders/6a44c9bd9e38f35bcea847e9/media/6a44ca3f9e38f35bcea848c1/original.mp4,https://media.theeasypost.com/users/6a31cf989801f82f3d1633bc/folders/6a44c9bd9e38f35bcea847e9/media/6a44ca3f9e38f35bcea848c1/original.mp4,2026-07-01T08:05:38.329Z
6a44ca3b9e38f35bcea848b9,112_hook-5_overlay-12_promo.mp4,video,6a3702c2771c89e7e9a29f79,Penguin Couples app,,rajivranjan0013@gmail.com,,users/6a31cf989801f82f3d1633bc/folders/6a44c9bd9e38f35bcea847e9/media/6a44ca3b9e38f35bcea848b9/original.mp4,https://media.theeasypost.com/users/6a31cf989801f82f3d1633bc/folders/6a44c9bd9e38f35bcea847e9/media/6a44ca3b9e38f35bcea848b9/original.mp4,2026-07-01T08:05:38.191Z
6a44ca419e38f35bcea848c7,119_hook-6_overlay-19_promo.mp4,video,6a3702c2771c89e7e9a29f79,Penguin Couples app,,rajivranjan0013@gmail.com,,users/6a31cf989801f82f3d1633bc/folders/6a44c9bd9e38f35bcea847e9/media/6a44ca419e38f35bcea848c7/original.mp4,https://media.theeasypost.com/users/6a31cf989801f82f3d1633bc/folders/6a44c9bd9e38f35bcea847e9/media/6a44ca419e38f35bcea848c7/original.mp4,2026-07-01T08:05:37.691Z
6a44ca3d9e38f35bcea848bd,114_hook-1_overlay-14_promo.mp4,video,6a3702c2771c89e7e9a29f79,Penguin Couples app,,rajivranjan0013@gmail.com,,users/6a31cf989801f82f3d1633bc/folders/6a44c9bd9e38f35bcea847e9/media/6a44ca3d9e38f35bcea848bd/original.mp4,https://media.theeasypost.com/users/6a31cf989801f82f3d1633bc/folders/6a44c9bd9e38f35bcea847e9/media/6a44ca3d9e38f35bcea848bd/original.mp4,2026-07-01T08:05:37.065Z
6a44ca439e38f35bcea848c8,120_hook-1_overlay-20_promo.mp4,video,6a3702c2771c89e7e9a29f79,Penguin Couples app,,rajivranjan0013@gmail.com,,users/6a31cf989801f82f3d1633bc/folders/6a44c9bd9e38f35bcea847e9/media/6a44ca439e38f35bcea848c8/original.mp4,https://media.theeasypost.com/users/6a31cf989801f82f3d1633bc/folders/6a44c9bd9e38f35bcea847e9/media/6a44ca439e38f35bcea848c8/original.mp4,2026-07-01T08:05:36.621Z
6a44ca409e38f35bcea848c5,118_hook-5_overlay-18_promo.mp4,video,6a3702c2771c89e7e9a29f79,Penguin Couples app,,rajivranjan0013@gmail.com,,users/6a31cf989801f82f3d1633bc/folders/6a44c9bd9e38f35bcea847e9/media/6a44ca409e38f35bcea848c5/original.mp4,https://media.theeasypost.com/users/6a31cf989801f82f3d1633bc/folders/6a44c9bd9e38f35bcea847e9/media/6a44ca409e38f35bcea848c5/original.mp4,2026-07-01T08:05:35.335Z
6a44ca399e38f35bcea848b4,110_hook-3_overlay-10_promo.mp4,video,6a3702c2771c89e7e9a29f79,Penguin Couples app,,rajivranjan0013@gmail.com,,users/6a31cf989801f82f3d1633bc/folders/6a44c9bd9e38f35bcea847e9/media/6a44ca399e38f35bcea848b4/original.mp4,https://media.theeasypost.com/users/6a31cf989801f82f3d1633bc/folders/6a44c9bd9e38f35bcea847e9/media/6a44ca399e38f35bcea848b4/original.mp4,2026-07-01T08:05:34.618Z
6a44ca3e9e38f35bcea848c0,116_hook-3_overlay-16_promo.mp4,video,6a3702c2771c89e7e9a29f79,Penguin Couples app,,rajivranjan0013@gmail.com,,users/6a31cf989801f82f3d1633bc/folders/6a44c9bd9e38f35bcea847e9/media/6a44ca3e9e38f35bcea848c0/original.mp4,https://media.theeasypost.com/users/6a31cf989801f82f3d1633bc/folders/6a44c9bd9e38f35bcea847e9/media/6a44ca3e9e38f35bcea848c0/original.mp4,2026-07-01T08:05:32.303Z
6a44ca3c9e38f35bcea848bb,113_hook-6_overlay-13_promo.mp4,video,6a3702c2771c89e7e9a29f79,Penguin Couples app,,rajivranjan0013@gmail.com,,users/6a31cf989801f82f3d1633bc/folders/6a44c9bd9e38f35bcea847e9/media/6a44ca3c9e38f35bcea848bb/original.mp4,https://media.theeasypost.com/users/6a31cf989801f82f3d1633bc/folders/6a44c9bd9e38f35bcea847e9/media/6a44ca3c9e38f35bcea848bb/original.mp4,2026-07-01T08:05:32.048Z
6a44ca3d9e38f35bcea848be,115_hook-2_overlay-15_promo.mp4,video,6a3702c2771c89e7e9a29f79,Penguin Couples app,,rajivranjan0013@gmail.com,,users/6a31cf989801f82f3d1633bc/folders/6a44c9bd9e38f35bcea847e9/media/6a44ca3d9e38f35bcea848be/original.mp4,https://media.theeasypost.com/users/6a31cf989801f82f3d1633bc/folders/6a44c9bd9e38f35bcea847e9/media/6a44ca3d9e38f35bcea848be/original.mp4,2026-07-01T08:05:30.116Z
6a44ca399e38f35bcea848b5,111_hook-4_overlay-11_promo.mp4,video,6a3702c2771c89e7e9a29f79,Penguin Couples app,,rajivranjan0013@gmail.com,,users/6a31cf989801f82f3d1633bc/folders/6a44c9bd9e38f35bcea847e9/media/6a44ca399e38f35bcea848b5/original.mp4,https://media.theeasypost.com/users/6a31cf989801f82f3d1633bc/folders/6a44c9bd9e38f35bcea847e9/media/6a44ca399e38f35bcea848b5/original.mp4,2026-07-01T08:05:27.973Z
6a44ca359e38f35bcea848ad,107_hook-6_overlay-7_promo.mp4,video,6a3702c2771c89e7e9a29f79,Penguin Couples app,,rajivranjan0013@gmail.com,,users/6a31cf989801f82f3d1633bc/folders/6a44c9bd9e38f35bcea847e9/media/6a44ca359e38f35bcea848ad/original.mp4,https://media.theeasypost.com/users/6a31cf989801f82f3d1633bc/folders/6a44c9bd9e38f35bcea847e9/media/6a44ca359e38f35bcea848ad/original.mp4,2026-07-01T08:05:25.856Z
6a44ca2b9e38f35bcea8489f,100_hook-6_overlay-20_promo.mp4,video,6a3702c2771c89e7e9a29f79,Penguin Couples app,,rajivranjan0013@gmail.com,,users/6a31cf989801f82f3d1633bc/folders/6a44c9bd9e38f35bcea847e9/media/6a44ca2b9e38f35bcea8489f/original.mp4,https://media.theeasypost.com/users/6a31cf989801f82f3d1633bc/folders/6a44c9bd9e38f35bcea847e9/media/6a44ca2b9e38f35bcea8489f/original.mp4,2026-07-01T08:05:25.768Z
6a44ca379e38f35bcea848b0,108_hook-1_overlay-8_promo.mp4,video,6a3702c2771c89e7e9a29f79,Penguin Couples app,,rajivranjan0013@gmail.com,,users/6a31cf989801f82f3d1633bc/folders/6a44c9bd9e38f35bcea847e9/media/6a44ca379e38f35bcea848b0/original.mp4,https://media.theeasypost.com/users/6a31cf989801f82f3d1633bc/folders/6a44c9bd9e38f35bcea847e9/media/6a44ca379e38f35bcea848b0/original.mp4,2026-07-01T08:05:24.104Z
6a44ca389e38f35bcea848b1,109_hook-2_overlay-9_promo.mp4,video,6a3702c2771c89e7e9a29f79,Penguin Couples app,,rajivranjan0013@gmail.com,,users/6a31cf989801f82f3d1633bc/folders/6a44c9bd9e38f35bcea847e9/media/6a44ca389e38f35bcea848b1/original.mp4,https://media.theeasypost.com/users/6a31cf989801f82f3d1633bc/folders/6a44c9bd9e38f35bcea847e9/media/6a44ca389e38f35bcea848b1/original.mp4,2026-07-01T08:05:24.023Z
6a44ca2d9e38f35bcea848a3,102_hook-1_overlay-2_promo.mp4,video,6a3702c2771c89e7e9a29f79,Penguin Couples app,,rajivranjan0013@gmail.com,,users/6a31cf989801f82f3d1633bc/folders/6a44c9bd9e38f35bcea847e9/media/6a44ca2d9e38f35bcea848a3/original.mp4,https://media.theeasypost.com/users/6a31cf989801f82f3d1633bc/folders/6a44c9bd9e38f35bcea847e9/media/6a44ca2d9e38f35bcea848a3/original.mp4,2026-07-01T08:05:23.316Z
6a44ca309e38f35bcea848a7,104_hook-3_overlay-4_promo.mp4,video,6a3702c2771c89e7e9a29f79,Penguin Couples app,,rajivranjan0013@gmail.com,,users/6a31cf989801f82f3d1633bc/folders/6a44c9bd9e38f35bcea847e9/media/6a44ca309e38f35bcea848a7/original.mp4,https://media.theeasypost.com/users/6a31cf989801f82f3d1633bc/folders/6a44c9bd9e38f35bcea847e9/media/6a44ca309e38f35bcea848a7/original.mp4,2026-07-01T08:05:20.901Z
6a44ca339e38f35bcea848a9,105_hook-4_overlay-5_promo.mp4,video,6a3702c2771c89e7e9a29f79,Penguin Couples app,,rajivranjan0013@gmail.com,,users/6a31cf989801f82f3d1633bc/folders/6a44c9bd9e38f35bcea847e9/media/6a44ca339e38f35bcea848a9/original.mp4,https://media.theeasypost.com/users/6a31cf989801f82f3d1633bc/folders/6a44c9bd9e38f35bcea847e9/media/6a44ca339e38f35bcea848a9/original.mp4,2026-07-01T08:05:20.050Z
6a44ca2b9e38f35bcea8489d,098_hook-4_overlay-18_promo.mp4,video,6a3702c2771c89e7e9a29f79,Penguin Couples app,,rajivranjan0013@gmail.com,,users/6a31cf989801f82f3d1633bc/folders/6a44c9bd9e38f35bcea847e9/media/6a44ca2b9e38f35bcea8489d/original.mp4,https://media.theeasypost.com/users/6a31cf989801f82f3d1633bc/folders/6a44c9bd9e38f35bcea847e9/media/6a44ca2b9e38f35bcea8489d/original.mp4,2026-07-01T08:05:20.001Z
6a44ca259e38f35bcea84893,095_hook-1_overlay-15_promo.mp4,video,6a3702c2771c89e7e9a29f79,Penguin Couples app,,rajivranjan0013@gmail.com,,users/6a31cf989801f82f3d1633bc/folders/6a44c9bd9e38f35bcea847e9/media/6a44ca259e38f35bcea84893/original.mp4,https://media.theeasypost.com/users/6a31cf989801f82f3d1633bc/folders/6a44c9bd9e38f35bcea847e9/media/6a44ca259e38f35bcea84893/original.mp4,2026-07-01T08:05:19.448Z
6a44ca2f9e38f35bcea848a5,103_hook-2_overlay-3_promo.mp4,video,6a3702c2771c89e7e9a29f79,Penguin Couples app,,rajivranjan0013@gmail.com,,users/6a31cf989801f82f3d1633bc/folders/6a44c9bd9e38f35bcea847e9/media/6a44ca2f9e38f35bcea848a5/original.mp4,https://media.theeasypost.com/users/6a31cf989801f82f3d1633bc/folders/6a44c9bd9e38f35bcea847e9/media/6a44ca2f9e38f35bcea848a5/original.mp4,2026-07-01T08:05:17.729Z
6a44ca2a9e38f35bcea8489c,097_hook-3_overlay-17_promo.mp4,video,6a3702c2771c89e7e9a29f79,Penguin Couples app,,rajivranjan0013@gmail.com,,users/6a31cf989801f82f3d1633bc/folders/6a44c9bd9e38f35bcea847e9/media/6a44ca2a9e38f35bcea8489c/original.mp4,https://media.theeasypost.com/users/6a31cf989801f82f3d1633bc/folders/6a44c9bd9e38f35bcea847e9/media/6a44ca2a9e38f35bcea8489c/original.mp4,2026-07-01T08:05:17.203Z
6a44ca2d9e38f35bcea848a2,101_hook-6_overlay-1_promo.mp4,video,6a3702c2771c89e7e9a29f79,Penguin Couples app,,rajivranjan0013@gmail.com,,users/6a31cf989801f82f3d1633bc/folders/6a44c9bd9e38f35bcea847e9/media/6a44ca2d9e38f35bcea848a2/original.mp4,https://media.theeasypost.com/users/6a31cf989801f82f3d1633bc/folders/6a44c9bd9e38f35bcea847e9/media/6a44ca2d9e38f35bcea848a2/original.mp4,2026-07-01T08:05:16.081Z
6a44ca2b9e38f35bcea8489e,099_hook-5_overlay-19_promo.mp4,video,6a3702c2771c89e7e9a29f79,Penguin Couples app,,rajivranjan0013@gmail.com,,users/6a31cf989801f82f3d1633bc/folders/6a44c9bd9e38f35bcea847e9/media/6a44ca2b9e38f35bcea8489e/original.mp4,https://media.theeasypost.com/users/6a31cf989801f82f3d1633bc/folders/6a44c9bd9e38f35bcea847e9/media/6a44ca2b9e38f35bcea8489e/original.mp4,2026-07-01T08:05:14.651Z
6a44ca1e9e38f35bcea84889,088_hook-6_overlay-8_promo.mp4,video,6a3702c2771c89e7e9a29f79,Penguin Couples app,,rajivranjan0013@gmail.com,,users/6a31cf989801f82f3d1633bc/folders/6a44c9bd9e38f35bcea847e9/media/6a44ca1e9e38f35bcea84889/original.mp4,https://media.theeasypost.com/users/6a31cf989801f82f3d1633bc/folders/6a44c9bd9e38f35bcea847e9/media/6a44ca1e9e38f35bcea84889/original.mp4,2026-07-01T08:05:14.322Z
6a44ca169e38f35bcea84879,081_hook-5_overlay-1_promo.mp4,video,6a3702c2771c89e7e9a29f79,Penguin Couples app,,rajivranjan0013@gmail.com,,users/6a31cf989801f82f3d1633bc/folders/6a44c9bd9e38f35bcea847e9/media/6a44ca169e38f35bcea84879/original.mp4,https://media.theeasypost.com/users/6a31cf989801f82f3d1633bc/folders/6a44c9bd9e38f35bcea847e9/media/6a44ca169e38f35bcea84879/original.mp4,2026-07-01T08:05:14.120Z
6a44ca299e38f35bcea84899,096_hook-2_overlay-16_promo.mp4,video,6a3702c2771c89e7e9a29f79,Penguin Couples app,,rajivranjan0013@gmail.com,,users/6a31cf989801f82f3d1633bc/folders/6a44c9bd9e38f35bcea847e9/media/6a44ca299e38f35bcea84899/original.mp4,https://media.theeasypost.com/users/6a31cf989801f82f3d1633bc/folders/6a44c9bd9e38f35bcea847e9/media/6a44ca299e38f35bcea84899/original.mp4,2026-07-01T08:05:12.772Z
6a44ca239e38f35bcea84890,092_hook-4_overlay-12_promo.mp4,video,6a3702c2771c89e7e9a29f79,Penguin Couples app,,rajivranjan0013@gmail.com,,users/6a31cf989801f82f3d1633bc/folders/6a44c9bd9e38f35bcea847e9/media/6a44ca239e38f35bcea84890/original.mp4,https://media.theeasypost.com/users/6a31cf989801f82f3d1633bc/folders/6a44c9bd9e38f35bcea847e9/media/6a44ca239e38f35bcea84890/original.mp4,2026-07-01T08:05:12.268Z
6a44ca259e38f35bcea84894,094_hook-6_overlay-14_promo.mp4,video,6a3702c2771c89e7e9a29f79,Penguin Couples app,,rajivranjan0013@gmail.com,,users/6a31cf989801f82f3d1633bc/folders/6a44c9bd9e38f35bcea847e9/media/6a44ca259e38f35bcea84894/original.mp4,https://media.theeasypost.com/users/6a31cf989801f82f3d1633bc/folders/6a44c9bd9e38f35bcea847e9/media/6a44ca259e38f35bcea84894/original.mp4,2026-07-01T08:05:10.679Z
6a44ca229e38f35bcea8488f,090_hook-2_overlay-10_promo.mp4,video,6a3702c2771c89e7e9a29f79,Penguin Couples app,,rajivranjan0013@gmail.com,,users/6a31cf989801f82f3d1633bc/folders/6a44c9bd9e38f35bcea847e9/media/6a44ca229e38f35bcea8488f/original.mp4,https://media.theeasypost.com/users/6a31cf989801f82f3d1633bc/folders/6a44c9bd9e38f35bcea847e9/media/6a44ca229e38f35bcea8488f/original.mp4,2026-07-01T08:05:10.387Z
6a44ca239e38f35bcea84891,093_hook-5_overlay-13_promo.mp4,video,6a3702c2771c89e7e9a29f79,Penguin Couples app,,rajivranjan0013@gmail.com,,users/6a31cf989801f82f3d1633bc/folders/6a44c9bd9e38f35bcea847e9/media/6a44ca239e38f35bcea84891/original.mp4,https://media.theeasypost.com/users/6a31cf989801f82f3d1633bc/folders/6a44c9bd9e38f35bcea847e9/media/6a44ca239e38f35bcea84891/original.mp4,2026-07-01T08:05:08.600Z
6a44c9fc9e38f35bcea8484d,059_hook-3_overlay-19_promo.mp4,video,6a3702c2771c89e7e9a29f79,Penguin Couples app,,rajivranjan0013@gmail.com,,users/6a31cf989801f82f3d1633bc/folders/6a44c9bd9e38f35bcea847e9/media/6a44c9fc9e38f35bcea8484d/original.mp4,https://media.theeasypost.com/users/6a31cf989801f82f3d1633bc/folders/6a44c9bd9e38f35bcea847e9/media/6a44c9fc9e38f35bcea8484d/original.mp4,2026-07-01T08:05:07.926Z
6a44ca229e38f35bcea8488e,091_hook-3_overlay-11_promo.mp4,video,6a3702c2771c89e7e9a29f79,Penguin Couples app,,rajivranjan0013@gmail.com,,users/6a31cf989801f82f3d1633bc/folders/6a44c9bd9e38f35bcea847e9/media/6a44ca229e38f35bcea8488e/original.mp4,https://media.theeasypost.com/users/6a31cf989801f82f3d1633bc/folders/6a44c9bd9e38f35bcea847e9/media/6a44ca229e38f35bcea8488e/original.mp4,2026-07-01T08:05:04.704Z
6a44ca229e38f35bcea8488c,089_hook-1_overlay-9_promo.mp4,video,6a3702c2771c89e7e9a29f79,Penguin Couples app,,rajivranjan0013@gmail.com,,users/6a31cf989801f82f3d1633bc/folders/6a44c9bd9e38f35bcea847e9/media/6a44ca229e38f35bcea8488c/original.mp4,https://media.theeasypost.com/users/6a31cf989801f82f3d1633bc/folders/6a44c9bd9e38f35bcea847e9/media/6a44ca229e38f35bcea8488c/original.mp4,2026-07-01T08:05:04.146Z
6a44ca1b9e38f35bcea84882,085_hook-3_overlay-5_promo.mp4,video,6a3702c2771c89e7e9a29f79,Penguin Couples app,,rajivranjan0013@gmail.com,,users/6a31cf989801f82f3d1633bc/folders/6a44c9bd9e38f35bcea847e9/media/6a44ca1b9e38f35bcea84882/original.mp4,https://media.theeasypost.com/users/6a31cf989801f82f3d1633bc/folders/6a44c9bd9e38f35bcea847e9/media/6a44ca1b9e38f35bcea84882/original.mp4,2026-07-01T08:05:03.826Z
6a44ca1c9e38f35bcea84884,087_hook-5_overlay-7_promo.mp4,video,6a3702c2771c89e7e9a29f79,Penguin Couples app,,rajivranjan0013@gmail.com,,users/6a31cf989801f82f3d1633bc/folders/6a44c9bd9e38f35bcea847e9/media/6a44ca1c9e38f35bcea84884/original.mp4,https://media.theeasypost.com/users/6a31cf989801f82f3d1633bc/folders/6a44c9bd9e38f35bcea847e9/media/6a44ca1c9e38f35bcea84884/original.mp4,2026-07-01T08:05:00.251Z
6a44ca1a9e38f35bcea84880,084_hook-2_overlay-4_promo.mp4,video,6a3702c2771c89e7e9a29f79,Penguin Couples app,,rajivranjan0013@gmail.com,,users/6a31cf989801f82f3d1633bc/folders/6a44c9bd9e38f35bcea847e9/media/6a44ca1a9e38f35bcea84880/original.mp4,https://media.theeasypost.com/users/6a31cf989801f82f3d1633bc/folders/6a44c9bd9e38f35bcea847e9/media/6a44ca1a9e38f35bcea84880/original.mp4,2026-07-01T08:04:59.946Z
6a44ca1b9e38f35bcea84883,086_hook-4_overlay-6_promo.mp4,video,6a3702c2771c89e7e9a29f79,Penguin Couples app,,rajivranjan0013@gmail.com,,users/6a31cf989801f82f3d1633bc/folders/6a44c9bd9e38f35bcea847e9/media/6a44ca1b9e38f35bcea84883/original.mp4,https://media.theeasypost.com/users/6a31cf989801f82f3d1633bc/folders/6a44c9bd9e38f35bcea847e9/media/6a44ca1b9e38f35bcea84883/original.mp4,2026-07-01T08:04:58.225Z
6a44ca149e38f35bcea84877,079_hook-4_overlay-19_promo.mp4,video,6a3702c2771c89e7e9a29f79,Penguin Couples app,,rajivranjan0013@gmail.com,,users/6a31cf989801f82f3d1633bc/folders/6a44c9bd9e38f35bcea847e9/media/6a44ca149e38f35bcea84877/original.mp4,https://media.theeasypost.com/users/6a31cf989801f82f3d1633bc/folders/6a44c9bd9e38f35bcea847e9/media/6a44ca149e38f35bcea84877/original.mp4,2026-07-01T08:04:57.628Z
6a44ca169e38f35bcea8487b,083_hook-1_overlay-3_promo.mp4,video,6a3702c2771c89e7e9a29f79,Penguin Couples app,,rajivranjan0013@gmail.com,,users/6a31cf989801f82f3d1633bc/folders/6a44c9bd9e38f35bcea847e9/media/6a44ca169e38f35bcea8487b/original.mp4,https://media.theeasypost.com/users/6a31cf989801f82f3d1633bc/folders/6a44c9bd9e38f35bcea847e9/media/6a44ca169e38f35bcea8487b/original.mp4,2026-07-01T08:04:55.836Z
6a44ca129e38f35bcea84875,078_hook-3_overlay-18_promo.mp4,video,6a3702c2771c89e7e9a29f79,Penguin Couples app,,rajivranjan0013@gmail.com,,users/6a31cf989801f82f3d1633bc/folders/6a44c9bd9e38f35bcea847e9/media/6a44ca129e38f35bcea84875/original.mp4,https://media.theeasypost.com/users/6a31cf989801f82f3d1633bc/folders/6a44c9bd9e38f35bcea847e9/media/6a44ca129e38f35bcea84875/original.mp4,2026-07-01T08:04:55.520Z
6a44ca119e38f35bcea84873,077_hook-2_overlay-17_promo.mp4,video,6a3702c2771c89e7e9a29f79,Penguin Couples app,,rajivranjan0013@gmail.com,,users/6a31cf989801f82f3d1633bc/folders/6a44c9bd9e38f35bcea847e9/media/6a44ca119e38f35bcea84873/original.mp4,https://media.theeasypost.com/users/6a31cf989801f82f3d1633bc/folders/6a44c9bd9e38f35bcea847e9/media/6a44ca119e38f35bcea84873/original.mp4,2026-07-01T08:04:55.482Z
6a44ca169e38f35bcea8487a,082_hook-6_overlay-2_promo.mp4,video,6a3702c2771c89e7e9a29f79,Penguin Couples app,,rajivranjan0013@gmail.com,,users/6a31cf989801f82f3d1633bc/folders/6a44c9bd9e38f35bcea847e9/media/6a44ca169e38f35bcea8487a/original.mp4,https://media.theeasypost.com/users/6a31cf989801f82f3d1633bc/folders/6a44c9bd9e38f35bcea847e9/media/6a44ca169e38f35bcea8487a/original.mp4,2026-07-01T08:04:54.857Z
6a44ca159e38f35bcea84878,080_hook-5_overlay-20_promo.mp4,video,6a3702c2771c89e7e9a29f79,Penguin Couples app,,rajivranjan0013@gmail.com,,users/6a31cf989801f82f3d1633bc/folders/6a44c9bd9e38f35bcea847e9/media/6a44ca159e38f35bcea84878/original.mp4,https://media.theeasypost.com/users/6a31cf989801f82f3d1633bc/folders/6a44c9bd9e38f35bcea847e9/media/6a44ca159e38f35bcea84878/original.mp4,2026-07-01T08:04:52.840Z
6a44ca0e9e38f35bcea8486e,075_hook-6_overlay-15_promo.mp4,video,6a3702c2771c89e7e9a29f79,Penguin Couples app,,rajivranjan0013@gmail.com,,users/6a31cf989801f82f3d1633bc/folders/6a44c9bd9e38f35bcea847e9/media/6a44ca0e9e38f35bcea8486e/original.mp4,https://media.theeasypost.com/users/6a31cf989801f82f3d1633bc/folders/6a44c9bd9e38f35bcea847e9/media/6a44ca0e9e38f35bcea8486e/original.mp4,2026-07-01T08:04:50.374Z
6a44ca089e38f35bcea84862,070_hook-1_overlay-10_promo.mp4,video,6a3702c2771c89e7e9a29f79,Penguin Couples app,,rajivranjan0013@gmail.com,,users/6a31cf989801f82f3d1633bc/folders/6a44c9bd9e38f35bcea847e9/media/6a44ca089e38f35bcea84862/original.mp4,https://media.theeasypost.com/users/6a31cf989801f82f3d1633bc/folders/6a44c9bd9e38f35bcea847e9/media/6a44ca089e38f35bcea84862/original.mp4,2026-07-01T08:04:49.460Z
6a44ca109e38f35bcea84870,076_hook-1_overlay-16_promo.mp4,video,6a3702c2771c89e7e9a29f79,Penguin Couples app,,rajivranjan0013@gmail.com,,users/6a31cf989801f82f3d1633bc/folders/6a44c9bd9e38f35bcea847e9/media/6a44ca109e38f35bcea84870/original.mp4,https://media.theeasypost.com/users/6a31cf989801f82f3d1633bc/folders/6a44c9bd9e38f35bcea847e9/media/6a44ca109e38f35bcea84870/original.mp4,2026-07-01T08:04:47.235Z
6a44ca0d9e38f35bcea8486b,074_hook-5_overlay-14_promo.mp4,video,6a3702c2771c89e7e9a29f79,Penguin Couples app,,rajivranjan0013@gmail.com,,users/6a31cf989801f82f3d1633bc/folders/6a44c9bd9e38f35bcea847e9/media/6a44ca0d9e38f35bcea8486b/original.mp4,https://media.theeasypost.com/users/6a31cf989801f82f3d1633bc/folders/6a44c9bd9e38f35bcea847e9/media/6a44ca0d9e38f35bcea8486b/original.mp4,2026-07-01T08:04:46.387Z
6a44ca0c9e38f35bcea8486a,073_hook-4_overlay-13_promo.mp4,video,6a3702c2771c89e7e9a29f79,Penguin Couples app,,rajivranjan0013@gmail.com,,users/6a31cf989801f82f3d1633bc/folders/6a44c9bd9e38f35bcea847e9/media/6a44ca0c9e38f35bcea8486a/original.mp4,https://media.theeasypost.com/users/6a31cf989801f82f3d1633bc/folders/6a44c9bd9e38f35bcea847e9/media/6a44ca0c9e38f35bcea8486a/original.mp4,2026-07-01T08:04:45.353Z
6a44ca099e38f35bcea84865,071_hook-2_overlay-11_promo.mp4,video,6a3702c2771c89e7e9a29f79,Penguin Couples app,,rajivranjan0013@gmail.com,,users/6a31cf989801f82f3d1633bc/folders/6a44c9bd9e38f35bcea847e9/media/6a44ca099e38f35bcea84865/original.mp4,https://media.theeasypost.com/users/6a31cf989801f82f3d1633bc/folders/6a44c9bd9e38f35bcea847e9/media/6a44ca099e38f35bcea84865/original.mp4,2026-07-01T08:04:45.222Z
6a44ca079e38f35bcea8485e,066_hook-3_overlay-6_promo.mp4,video,6a3702c2771c89e7e9a29f79,Penguin Couples app,,rajivranjan0013@gmail.com,,users/6a31cf989801f82f3d1633bc/folders/6a44c9bd9e38f35bcea847e9/media/6a44ca079e38f35bcea8485e/original.mp4,https://media.theeasypost.com/users/6a31cf989801f82f3d1633bc/folders/6a44c9bd9e38f35bcea847e9/media/6a44ca079e38f35bcea8485e/original.mp4,2026-07-01T08:04:44.620Z
6a44ca0c9e38f35bcea84869,072_hook-3_overlay-12_promo.mp4,video,6a3702c2771c89e7e9a29f79,Penguin Couples app,,rajivranjan0013@gmail.com,,users/6a31cf989801f82f3d1633bc/folders/6a44c9bd9e38f35bcea847e9/media/6a44ca0c9e38f35bcea84869/original.mp4,https://media.theeasypost.com/users/6a31cf989801f82f3d1633bc/folders/6a44c9bd9e38f35bcea847e9/media/6a44ca0c9e38f35bcea84869/original.mp4,2026-07-01T08:04:43.378Z
6a44ca059e38f35bcea8485c,065_hook-2_overlay-5_promo.mp4,video,6a3702c2771c89e7e9a29f79,Penguin Couples app,,rajivranjan0013@gmail.com,,users/6a31cf989801f82f3d1633bc/folders/6a44c9bd9e38f35bcea847e9/media/6a44ca059e38f35bcea8485c/original.mp4,https://media.theeasypost.com/users/6a31cf989801f82f3d1633bc/folders/6a44c9bd9e38f35bcea847e9/media/6a44ca059e38f35bcea8485c/original.mp4,2026-07-01T08:04:40.904Z
6a44ca089e38f35bcea8485f,067_hook-4_overlay-7_promo.mp4,video,6a3702c2771c89e7e9a29f79,Penguin Couples app,,rajivranjan0013@gmail.com,,users/6a31cf989801f82f3d1633bc/folders/6a44c9bd9e38f35bcea847e9/media/6a44ca089e38f35bcea8485f/original.mp4,https://media.theeasypost.com/users/6a31cf989801f82f3d1633bc/folders/6a44c9bd9e38f35bcea847e9/media/6a44ca089e38f35bcea8485f/original.mp4,2026-07-01T08:04:39.910Z
6a44ca089e38f35bcea84861,069_hook-6_overlay-9_promo.mp4,video,6a3702c2771c89e7e9a29f79,Penguin Couples app,,rajivranjan0013@gmail.com,,users/6a31cf989801f82f3d1633bc/folders/6a44c9bd9e38f35bcea847e9/media/6a44ca089e38f35bcea84861/original.mp4,https://media.theeasypost.com/users/6a31cf989801f82f3d1633bc/folders/6a44c9bd9e38f35bcea847e9/media/6a44ca089e38f35bcea84861/original.mp4,2026-07-01T08:04:39.293Z
6a44ca089e38f35bcea84860,068_hook-5_overlay-8_promo.mp4,video,6a3702c2771c89e7e9a29f79,Penguin Couples app,,rajivranjan0013@gmail.com,,users/6a31cf989801f82f3d1633bc/folders/6a44c9bd9e38f35bcea847e9/media/6a44ca089e38f35bcea84860/original.mp4,https://media.theeasypost.com/users/6a31cf989801f82f3d1633bc/folders/6a44c9bd9e38f35bcea847e9/media/6a44ca089e38f35bcea84860/original.mp4,2026-07-01T08:04:38.973Z
6a44ca009e38f35bcea84853,062_hook-5_overlay-2_promo.mp4,video,6a3702c2771c89e7e9a29f79,Penguin Couples app,,rajivranjan0013@gmail.com,,users/6a31cf989801f82f3d1633bc/folders/6a44c9bd9e38f35bcea847e9/media/6a44ca009e38f35bcea84853/original.mp4,https://media.theeasypost.com/users/6a31cf989801f82f3d1633bc/folders/6a44c9bd9e38f35bcea847e9/media/6a44ca009e38f35bcea84853/original.mp4,2026-07-01T08:04:35.085Z
6a44c9fc9e38f35bcea8484f,058_hook-2_overlay-18_promo.mp4,video,6a3702c2771c89e7e9a29f79,Penguin Couples app,,rajivranjan0013@gmail.com,,users/6a31cf989801f82f3d1633bc/folders/6a44c9bd9e38f35bcea847e9/media/6a44c9fc9e38f35bcea8484f/original.mp4,https://media.theeasypost.com/users/6a31cf989801f82f3d1633bc/folders/6a44c9bd9e38f35bcea847e9/media/6a44c9fc9e38f35bcea8484f/original.mp4,2026-07-01T08:04:34.350Z
6a44ca009e38f35bcea84854,063_hook-6_overlay-3_promo.mp4,video,6a3702c2771c89e7e9a29f79,Penguin Couples app,,rajivranjan0013@gmail.com,,users/6a31cf989801f82f3d1633bc/folders/6a44c9bd9e38f35bcea847e9/media/6a44ca009e38f35bcea84854/original.mp4,https://media.theeasypost.com/users/6a31cf989801f82f3d1633bc/folders/6a44c9bd9e38f35bcea847e9/media/6a44ca009e38f35bcea84854/original.mp4,2026-07-01T08:04:33.364Z
6a44ca029e38f35bcea84856,064_hook-1_overlay-4_promo.mp4,video,6a3702c2771c89e7e9a29f79,Penguin Couples app,,rajivranjan0013@gmail.com,,users/6a31cf989801f82f3d1633bc/folders/6a44c9bd9e38f35bcea847e9/media/6a44ca029e38f35bcea84856/original.mp4,https://media.theeasypost.com/users/6a31cf989801f82f3d1633bc/folders/6a44c9bd9e38f35bcea847e9/media/6a44ca029e38f35bcea84856/original.mp4,2026-07-01T08:04:32.879Z
6a44c9f79e38f35bcea84845,054_hook-4_overlay-14_promo.mp4,video,6a3702c2771c89e7e9a29f79,Penguin Couples app,,rajivranjan0013@gmail.com,,users/6a31cf989801f82f3d1633bc/folders/6a44c9bd9e38f35bcea847e9/media/6a44c9f79e38f35bcea84845/original.mp4,https://media.theeasypost.com/users/6a31cf989801f82f3d1633bc/folders/6a44c9bd9e38f35bcea847e9/media/6a44c9f79e38f35bcea84845/original.mp4,2026-07-01T08:04:30.820Z
6a44c9fa9e38f35bcea84847,055_hook-5_overlay-15_promo.mp4,video,6a3702c2771c89e7e9a29f79,Penguin Couples app,,rajivranjan0013@gmail.com,,users/6a31cf989801f82f3d1633bc/folders/6a44c9bd9e38f35bcea847e9/media/6a44c9fa9e38f35bcea84847/original.mp4,https://media.theeasypost.com/users/6a31cf989801f82f3d1633bc/folders/6a44c9bd9e38f35bcea847e9/media/6a44c9fa9e38f35bcea84847/original.mp4,2026-07-01T08:04:30.056Z
6a44c9ff9e38f35bcea84852,061_hook-4_overlay-1_promo.mp4,video,6a3702c2771c89e7e9a29f79,Penguin Couples app,,rajivranjan0013@gmail.com,,users/6a31cf989801f82f3d1633bc/folders/6a44c9bd9e38f35bcea847e9/media/6a44c9ff9e38f35bcea84852/original.mp4,https://media.theeasypost.com/users/6a31cf989801f82f3d1633bc/folders/6a44c9bd9e38f35bcea847e9/media/6a44c9ff9e38f35bcea84852/original.mp4,2026-07-01T08:04:29.610Z
6a44c9ff9e38f35bcea84851,060_hook-4_overlay-20_promo.mp4,video,6a3702c2771c89e7e9a29f79,Penguin Couples app,,rajivranjan0013@gmail.com,,users/6a31cf989801f82f3d1633bc/folders/6a44c9bd9e38f35bcea847e9/media/6a44c9ff9e38f35bcea84851/original.mp4,https://media.theeasypost.com/users/6a31cf989801f82f3d1633bc/folders/6a44c9bd9e38f35bcea847e9/media/6a44c9ff9e38f35bcea84851/original.mp4,2026-07-01T08:04:28.188Z
6a44c9ed9e38f35bcea8482f,044_hook-6_overlay-4_promo.mp4,video,6a3702c2771c89e7e9a29f79,Penguin Couples app,,rajivranjan0013@gmail.com,,users/6a31cf989801f82f3d1633bc/folders/6a44c9bd9e38f35bcea847e9/media/6a44c9ed9e38f35bcea8482f/original.mp4,https://media.theeasypost.com/users/6a31cf989801f82f3d1633bc/folders/6a44c9bd9e38f35bcea847e9/media/6a44c9ed9e38f35bcea8482f/original.mp4,2026-07-01T08:04:25.962Z
6a44c9f69e38f35bcea84841,052_hook-2_overlay-12_promo.mp4,video,6a3702c2771c89e7e9a29f79,Penguin Couples app,,rajivranjan0013@gmail.com,,users/6a31cf989801f82f3d1633bc/folders/6a44c9bd9e38f35bcea847e9/media/6a44c9f69e38f35bcea84841/original.mp4,https://media.theeasypost.com/users/6a31cf989801f82f3d1633bc/folders/6a44c9bd9e38f35bcea847e9/media/6a44c9f69e38f35bcea84841/original.mp4,2026-07-01T08:04:25.901Z
6a44c9fa9e38f35bcea84849,057_hook-1_overlay-17_promo.mp4,video,6a3702c2771c89e7e9a29f79,Penguin Couples app,,rajivranjan0013@gmail.com,,users/6a31cf989801f82f3d1633bc/folders/6a44c9bd9e38f35bcea847e9/media/6a44c9fa9e38f35bcea84849/original.mp4,https://media.theeasypost.com/users/6a31cf989801f82f3d1633bc/folders/6a44c9bd9e38f35bcea847e9/media/6a44c9fa9e38f35bcea84849/original.mp4,2026-07-01T08:04:25.474Z
6a44c9fa9e38f35bcea84848,056_hook-6_overlay-16_promo.mp4,video,6a3702c2771c89e7e9a29f79,Penguin Couples app,,rajivranjan0013@gmail.com,,users/6a31cf989801f82f3d1633bc/folders/6a44c9bd9e38f35bcea847e9/media/6a44c9fa9e38f35bcea84848/original.mp4,https://media.theeasypost.com/users/6a31cf989801f82f3d1633bc/folders/6a44c9bd9e38f35bcea847e9/media/6a44c9fa9e38f35bcea84848/original.mp4,2026-07-01T08:04:24.920Z
6a44c9f69e38f35bcea84842,053_hook-3_overlay-13_promo.mp4,video,6a3702c2771c89e7e9a29f79,Penguin Couples app,,rajivranjan0013@gmail.com,,users/6a31cf989801f82f3d1633bc/folders/6a44c9bd9e38f35bcea847e9/media/6a44c9f69e38f35bcea84842/original.mp4,https://media.theeasypost.com/users/6a31cf989801f82f3d1633bc/folders/6a44c9bd9e38f35bcea847e9/media/6a44c9f69e38f35bcea84842/original.mp4,2026-07-01T08:04:22.438Z
6a44c9f49e38f35bcea8483e,051_hook-1_overlay-11_promo.mp4,video,6a3702c2771c89e7e9a29f79,Penguin Couples app,,rajivranjan0013@gmail.com,,users/6a31cf989801f82f3d1633bc/folders/6a44c9bd9e38f35bcea847e9/media/6a44c9f49e38f35bcea8483e/original.mp4,https://media.theeasypost.com/users/6a31cf989801f82f3d1633bc/folders/6a44c9bd9e38f35bcea847e9/media/6a44c9f49e38f35bcea8483e/original.mp4,2026-07-01T08:04:20.907Z
6a44c9ea9e38f35bcea8482b,042_hook-4_overlay-2_promo.mp4,video,6a3702c2771c89e7e9a29f79,Penguin Couples app,,rajivranjan0013@gmail.com,,users/6a31cf989801f82f3d1633bc/folders/6a44c9bd9e38f35bcea847e9/media/6a44c9ea9e38f35bcea8482b/original.mp4,https://media.theeasypost.com/users/6a31cf989801f82f3d1633bc/folders/6a44c9bd9e38f35bcea847e9/media/6a44c9ea9e38f35bcea8482b/original.mp4,2026-07-01T08:04:19.926Z
6a44c9f39e38f35bcea8483a,049_hook-5_overlay-9_promo.mp4,video,6a3702c2771c89e7e9a29f79,Penguin Couples app,,rajivranjan0013@gmail.com,,users/6a31cf989801f82f3d1633bc/folders/6a44c9bd9e38f35bcea847e9/media/6a44c9f39e38f35bcea8483a/original.mp4,https://media.theeasypost.com/users/6a31cf989801f82f3d1633bc/folders/6a44c9bd9e38f35bcea847e9/media/6a44c9f39e38f35bcea8483a/original.mp4,2026-07-01T08:04:19.546Z
6a44c9f29e38f35bcea84837,047_hook-3_overlay-7_promo.mp4,video,6a3702c2771c89e7e9a29f79,Penguin Couples app,,rajivranjan0013@gmail.com,,users/6a31cf989801f82f3d1633bc/folders/6a44c9bd9e38f35bcea847e9/media/6a44c9f29e38f35bcea84837/original.mp4,https://media.theeasypost.com/users/6a31cf989801f82f3d1633bc/folders/6a44c9bd9e38f35bcea847e9/media/6a44c9f29e38f35bcea84837/original.mp4,2026-07-01T08:04:19.084Z
6a44c9f49e38f35bcea8483d,050_hook-6_overlay-10_promo.mp4,video,6a3702c2771c89e7e9a29f79,Penguin Couples app,,rajivranjan0013@gmail.com,,users/6a31cf989801f82f3d1633bc/folders/6a44c9bd9e38f35bcea847e9/media/6a44c9f49e38f35bcea8483d/original.mp4,https://media.theeasypost.com/users/6a31cf989801f82f3d1633bc/folders/6a44c9bd9e38f35bcea847e9/media/6a44c9f49e38f35bcea8483d/original.mp4,2026-07-01T08:04:18.859Z
6a44c9f09e38f35bcea84834,046_hook-2_overlay-6_promo.mp4,video,6a3702c2771c89e7e9a29f79,Penguin Couples app,,rajivranjan0013@gmail.com,,users/6a31cf989801f82f3d1633bc/folders/6a44c9bd9e38f35bcea847e9/media/6a44c9f09e38f35bcea84834/original.mp4,https://media.theeasypost.com/users/6a31cf989801f82f3d1633bc/folders/6a44c9bd9e38f35bcea847e9/media/6a44c9f09e38f35bcea84834/original.mp4,2026-07-01T08:04:17.290Z
6a44c9f29e38f35bcea84838,048_hook-4_overlay-8_promo.mp4,video,6a3702c2771c89e7e9a29f79,Penguin Couples app,,rajivranjan0013@gmail.com,,users/6a31cf989801f82f3d1633bc/folders/6a44c9bd9e38f35bcea847e9/media/6a44c9f29e38f35bcea84838/original.mp4,https://media.theeasypost.com/users/6a31cf989801f82f3d1633bc/folders/6a44c9bd9e38f35bcea847e9/media/6a44c9f29e38f35bcea84838/original.mp4,2026-07-01T08:04:14.135Z
6a44c9ee9e38f35bcea84831,045_hook-1_overlay-5_promo.mp4,video,6a3702c2771c89e7e9a29f79,Penguin Couples app,,rajivranjan0013@gmail.com,,users/6a31cf989801f82f3d1633bc/folders/6a44c9bd9e38f35bcea847e9/media/6a44c9ee9e38f35bcea84831/original.mp4,https://media.theeasypost.com/users/6a31cf989801f82f3d1633bc/folders/6a44c9bd9e38f35bcea847e9/media/6a44c9ee9e38f35bcea84831/original.mp4,2026-07-01T08:04:12.436Z
6a44c9ec9e38f35bcea8482d,043_hook-5_overlay-3_promo.mp4,video,6a3702c2771c89e7e9a29f79,Penguin Couples app,,rajivranjan0013@gmail.com,,users/6a31cf989801f82f3d1633bc/folders/6a44c9bd9e38f35bcea847e9/media/6a44c9ec9e38f35bcea8482d/original.mp4,https://media.theeasypost.com/users/6a31cf989801f82f3d1633bc/folders/6a44c9bd9e38f35bcea847e9/media/6a44c9ec9e38f35bcea8482d/original.mp4,2026-07-01T08:04:11.612Z
6a44c9ea9e38f35bcea84829,041_hook-3_overlay-1_promo.mp4,video,6a3702c2771c89e7e9a29f79,Penguin Couples app,,rajivranjan0013@gmail.com,,users/6a31cf989801f82f3d1633bc/folders/6a44c9bd9e38f35bcea847e9/media/6a44c9ea9e38f35bcea84829/original.mp4,https://media.theeasypost.com/users/6a31cf989801f82f3d1633bc/folders/6a44c9bd9e38f35bcea847e9/media/6a44c9ea9e38f35bcea84829/original.mp4,2026-07-01T08:04:11.199Z
6a44c9cb9e38f35bcea847ed,008_hook-2_overlay-8_promo.mp4,video,6a3702c2771c89e7e9a29f79,Penguin Couples app,,rajivranjan0013@gmail.com,,users/6a31cf989801f82f3d1633bc/folders/6a44c9bd9e38f35bcea847e9/media/6a44c9cb9e38f35bcea847ed/original.mp4,https://media.theeasypost.com/users/6a31cf989801f82f3d1633bc/folders/6a44c9bd9e38f35bcea847e9/media/6a44c9cb9e38f35bcea847ed/original.mp4,2026-07-01T08:04:10.794Z
6a44c9e39e38f35bcea8481f,036_hook-5_overlay-16_promo.mp4,video,6a3702c2771c89e7e9a29f79,Penguin Couples app,,rajivranjan0013@gmail.com,,users/6a31cf989801f82f3d1633bc/folders/6a44c9bd9e38f35bcea847e9/media/6a44c9e39e38f35bcea8481f/original.mp4,https://media.theeasypost.com/users/6a31cf989801f82f3d1633bc/folders/6a44c9bd9e38f35bcea847e9/media/6a44c9e39e38f35bcea8481f/original.mp4,2026-07-01T08:04:08.932Z
6a44c9d69e38f35bcea8480a,024_hook-5_overlay-4_promo.mp4,video,6a3702c2771c89e7e9a29f79,Penguin Couples app,,rajivranjan0013@gmail.com,,users/6a31cf989801f82f3d1633bc/folders/6a44c9bd9e38f35bcea847e9/media/6a44c9d69e38f35bcea8480a/original.mp4,https://media.theeasypost.com/users/6a31cf989801f82f3d1633bc/folders/6a44c9bd9e38f35bcea847e9/media/6a44c9d69e38f35bcea8480a/original.mp4,2026-07-01T08:04:07.836Z
6a44c9e79e38f35bcea84827,040_hook-3_overlay-20_promo.mp4,video,6a3702c2771c89e7e9a29f79,Penguin Couples app,,rajivranjan0013@gmail.com,,users/6a31cf989801f82f3d1633bc/folders/6a44c9bd9e38f35bcea847e9/media/6a44c9e79e38f35bcea84827/original.mp4,https://media.theeasypost.com/users/6a31cf989801f82f3d1633bc/folders/6a44c9bd9e38f35bcea847e9/media/6a44c9e79e38f35bcea84827/original.mp4,2026-07-01T08:04:07.450Z
6a44c9e69e38f35bcea84823,038_hook-1_overlay-18_promo.mp4,video,6a3702c2771c89e7e9a29f79,Penguin Couples app,,rajivranjan0013@gmail.com,,users/6a31cf989801f82f3d1633bc/folders/6a44c9bd9e38f35bcea847e9/media/6a44c9e69e38f35bcea84823/original.mp4,https://media.theeasypost.com/users/6a31cf989801f82f3d1633bc/folders/6a44c9bd9e38f35bcea847e9/media/6a44c9e69e38f35bcea84823/original.mp4,2026-07-01T08:04:06.221Z
6a44c9e69e38f35bcea84825,039_hook-2_overlay-19_promo.mp4,video,6a3702c2771c89e7e9a29f79,Penguin Couples app,,rajivranjan0013@gmail.com,,users/6a31cf989801f82f3d1633bc/folders/6a44c9bd9e38f35bcea847e9/media/6a44c9e69e38f35bcea84825/original.mp4,https://media.theeasypost.com/users/6a31cf989801f82f3d1633bc/folders/6a44c9bd9e38f35bcea847e9/media/6a44c9e69e38f35bcea84825/original.mp4,2026-07-01T08:04:06.066Z
6a44c9e09e38f35bcea8481c,035_hook-4_overlay-15_promo.mp4,video,6a3702c2771c89e7e9a29f79,Penguin Couples app,,rajivranjan0013@gmail.com,,users/6a31cf989801f82f3d1633bc/folders/6a44c9bd9e38f35bcea847e9/media/6a44c9e09e38f35bcea8481c/original.mp4,https://media.theeasypost.com/users/6a31cf989801f82f3d1633bc/folders/6a44c9bd9e38f35bcea847e9/media/6a44c9e09e38f35bcea8481c/original.mp4,2026-07-01T08:04:03.760Z
6a44c9e09e38f35bcea8481b,034_hook-3_overlay-14_promo.mp4,video,6a3702c2771c89e7e9a29f79,Penguin Couples app,,rajivranjan0013@gmail.com,,users/6a31cf989801f82f3d1633bc/folders/6a44c9bd9e38f35bcea847e9/media/6a44c9e09e38f35bcea8481b/original.mp4,https://media.theeasypost.com/users/6a31cf989801f82f3d1633bc/folders/6a44c9bd9e38f35bcea847e9/media/6a44c9e09e38f35bcea8481b/original.mp4,2026-07-01T08:04:03.730Z
6a44c9e69e38f35bcea84822,037_hook-6_overlay-17_promo.mp4,video,6a3702c2771c89e7e9a29f79,Penguin Couples app,,rajivranjan0013@gmail.com,,users/6a31cf989801f82f3d1633bc/folders/6a44c9bd9e38f35bcea847e9/media/6a44c9e69e38f35bcea84822/original.mp4,https://media.theeasypost.com/users/6a31cf989801f82f3d1633bc/folders/6a44c9bd9e38f35bcea847e9/media/6a44c9e69e38f35bcea84822/original.mp4,2026-07-01T08:04:03.270Z
6a44c9de9e38f35bcea84819,033_hook-2_overlay-13_promo.mp4,video,6a3702c2771c89e7e9a29f79,Penguin Couples app,,rajivranjan0013@gmail.com,,users/6a31cf989801f82f3d1633bc/folders/6a44c9bd9e38f35bcea847e9/media/6a44c9de9e38f35bcea84819/original.mp4,https://media.theeasypost.com/users/6a31cf989801f82f3d1633bc/folders/6a44c9bd9e38f35bcea847e9/media/6a44c9de9e38f35bcea84819/original.mp4,2026-07-01T08:04:01.219Z
6a44c9dd9e38f35bcea84817,031_hook-6_overlay-11_promo.mp4,video,6a3702c2771c89e7e9a29f79,Penguin Couples app,,rajivranjan0013@gmail.com,,users/6a31cf989801f82f3d1633bc/folders/6a44c9bd9e38f35bcea847e9/media/6a44c9dd9e38f35bcea84817/original.mp4,https://media.theeasypost.com/users/6a31cf989801f82f3d1633bc/folders/6a44c9bd9e38f35bcea847e9/media/6a44c9dd9e38f35bcea84817/original.mp4,2026-07-01T08:04:00.940Z
6a44c9db9e38f35bcea84815,030_hook-5_overlay-10_promo.mp4,video,6a3702c2771c89e7e9a29f79,Penguin Couples app,,rajivranjan0013@gmail.com,,users/6a31cf989801f82f3d1633bc/folders/6a44c9bd9e38f35bcea847e9/media/6a44c9db9e38f35bcea84815/original.mp4,https://media.theeasypost.com/users/6a31cf989801f82f3d1633bc/folders/6a44c9bd9e38f35bcea847e9/media/6a44c9db9e38f35bcea84815/original.mp4,2026-07-01T08:03:59.658Z
6a44c9de9e38f35bcea84818,032_hook-1_overlay-12_promo.mp4,video,6a3702c2771c89e7e9a29f79,Penguin Couples app,,rajivranjan0013@gmail.com,,users/6a31cf989801f82f3d1633bc/folders/6a44c9bd9e38f35bcea847e9/media/6a44c9de9e38f35bcea84818/original.mp4,https://media.theeasypost.com/users/6a31cf989801f82f3d1633bc/folders/6a44c9bd9e38f35bcea847e9/media/6a44c9de9e38f35bcea84818/original.mp4,2026-07-01T08:03:59.032Z
6a44c9d79e38f35bcea8480e,028_hook-3_overlay-8_promo.mp4,video,6a3702c2771c89e7e9a29f79,Penguin Couples app,,rajivranjan0013@gmail.com,,users/6a31cf989801f82f3d1633bc/folders/6a44c9bd9e38f35bcea847e9/media/6a44c9d79e38f35bcea8480e/original.mp4,https://media.theeasypost.com/users/6a31cf989801f82f3d1633bc/folders/6a44c9bd9e38f35bcea847e9/media/6a44c9d79e38f35bcea8480e/original.mp4,2026-07-01T08:03:58.569Z
6a44c9d99e38f35bcea84812,029_hook-4_overlay-9_promo.mp4,video,6a3702c2771c89e7e9a29f79,Penguin Couples app,,rajivranjan0013@gmail.com,,users/6a31cf989801f82f3d1633bc/folders/6a44c9bd9e38f35bcea847e9/media/6a44c9d99e38f35bcea84812/original.mp4,https://media.theeasypost.com/users/6a31cf989801f82f3d1633bc/folders/6a44c9bd9e38f35bcea847e9/media/6a44c9d99e38f35bcea84812/original.mp4,2026-07-01T08:03:56.569Z
6a44c9cb9e38f35bcea847f8,019_hook-1_overlay-19_promo.mp4,video,6a3702c2771c89e7e9a29f79,Penguin Couples app,,rajivranjan0013@gmail.com,,users/6a31cf989801f82f3d1633bc/folders/6a44c9bd9e38f35bcea847e9/media/6a44c9cb9e38f35bcea847f8/original.mp4,https://media.theeasypost.com/users/6a31cf989801f82f3d1633bc/folders/6a44c9bd9e38f35bcea847e9/media/6a44c9cb9e38f35bcea847f8/original.mp4,2026-07-01T08:03:55.044Z
6a44c9d69e38f35bcea8480c,025_hook-6_overlay-5_promo.mp4,video,6a3702c2771c89e7e9a29f79,Penguin Couples app,,rajivranjan0013@gmail.com,,users/6a31cf989801f82f3d1633bc/folders/6a44c9bd9e38f35bcea847e9/media/6a44c9d69e38f35bcea8480c/original.mp4,https://media.theeasypost.com/users/6a31cf989801f82f3d1633bc/folders/6a44c9bd9e38f35bcea847e9/media/6a44c9d69e38f35bcea8480c/original.mp4,2026-07-01T08:03:54.571Z
6a44c9d69e38f35bcea8480b,026_hook-1_overlay-6_promo.mp4,video,6a3702c2771c89e7e9a29f79,Penguin Couples app,,rajivranjan0013@gmail.com,,users/6a31cf989801f82f3d1633bc/folders/6a44c9bd9e38f35bcea847e9/media/6a44c9d69e38f35bcea8480b/original.mp4,https://media.theeasypost.com/users/6a31cf989801f82f3d1633bc/folders/6a44c9bd9e38f35bcea847e9/media/6a44c9d69e38f35bcea8480b/original.mp4,2026-07-01T08:03:53.024Z
6a44c9cb9e38f35bcea847fd,009_hook-3_overlay-9_promo.mp4,video,6a3702c2771c89e7e9a29f79,Penguin Couples app,,rajivranjan0013@gmail.com,,users/6a31cf989801f82f3d1633bc/folders/6a44c9bd9e38f35bcea847e9/media/6a44c9cb9e38f35bcea847fd/original.mp4,https://media.theeasypost.com/users/6a31cf989801f82f3d1633bc/folders/6a44c9bd9e38f35bcea847e9/media/6a44c9cb9e38f35bcea847fd/original.mp4,2026-07-01T08:03:51.654Z
6a44c9d69e38f35bcea8480d,027_hook-2_overlay-7_promo.mp4,video,6a3702c2771c89e7e9a29f79,Penguin Couples app,,rajivranjan0013@gmail.com,,users/6a31cf989801f82f3d1633bc/folders/6a44c9bd9e38f35bcea847e9/media/6a44c9d69e38f35bcea8480d/original.mp4,https://media.theeasypost.com/users/6a31cf989801f82f3d1633bc/folders/6a44c9bd9e38f35bcea847e9/media/6a44c9d69e38f35bcea8480d/original.mp4,2026-07-01T08:03:50.881Z
6a44c9d69e38f35bcea84809,023_hook-4_overlay-3_promo.mp4,video,6a3702c2771c89e7e9a29f79,Penguin Couples app,,rajivranjan0013@gmail.com,,users/6a31cf989801f82f3d1633bc/folders/6a44c9bd9e38f35bcea847e9/media/6a44c9d69e38f35bcea84809/original.mp4,https://media.theeasypost.com/users/6a31cf989801f82f3d1633bc/folders/6a44c9bd9e38f35bcea847e9/media/6a44c9d69e38f35bcea84809/original.mp4,2026-07-01T08:03:48.017Z
6a44c9cb9e38f35bcea847fb,002_hook-2_overlay-2_promo.mp4,video,6a3702c2771c89e7e9a29f79,Penguin Couples app,,rajivranjan0013@gmail.com,,users/6a31cf989801f82f3d1633bc/folders/6a44c9bd9e38f35bcea847e9/media/6a44c9cb9e38f35bcea847fb/original.mp4,https://media.theeasypost.com/users/6a31cf989801f82f3d1633bc/folders/6a44c9bd9e38f35bcea847e9/media/6a44c9cb9e38f35bcea847fb/original.mp4,2026-07-01T08:03:47.573Z
6a44c9d39e38f35bcea84806,022_hook-3_overlay-2_promo.mp4,video,6a3702c2771c89e7e9a29f79,Penguin Couples app,,rajivranjan0013@gmail.com,,users/6a31cf989801f82f3d1633bc/folders/6a44c9bd9e38f35bcea847e9/media/6a44c9d39e38f35bcea84806/original.mp4,https://media.theeasypost.com/users/6a31cf989801f82f3d1633bc/folders/6a44c9bd9e38f35bcea847e9/media/6a44c9d39e38f35bcea84806/original.mp4,2026-07-01T08:03:45.951Z
6a44c9cb9e38f35bcea847fc,004_hook-4_overlay-4_promo.mp4,video,6a3702c2771c89e7e9a29f79,Penguin Couples app,,rajivranjan0013@gmail.com,,users/6a31cf989801f82f3d1633bc/folders/6a44c9bd9e38f35bcea847e9/media/6a44c9cb9e38f35bcea847fc/original.mp4,https://media.theeasypost.com/users/6a31cf989801f82f3d1633bc/folders/6a44c9bd9e38f35bcea847e9/media/6a44c9cb9e38f35bcea847fc/original.mp4,2026-07-01T08:03:45.437Z
6a44c9d29e38f35bcea84804,021_hook-2_overlay-1_promo.mp4,video,6a3702c2771c89e7e9a29f79,Penguin Couples app,,rajivranjan0013@gmail.com,,users/6a31cf989801f82f3d1633bc/folders/6a44c9bd9e38f35bcea847e9/media/6a44c9d29e38f35bcea84804/original.mp4,https://media.theeasypost.com/users/6a31cf989801f82f3d1633bc/folders/6a44c9bd9e38f35bcea847e9/media/6a44c9d29e38f35bcea84804/original.mp4,2026-07-01T08:03:43.367Z
6a44c9cb9e38f35bcea847fa,016_hook-4_overlay-16_promo.mp4,video,6a3702c2771c89e7e9a29f79,Penguin Couples app,,rajivranjan0013@gmail.com,,users/6a31cf989801f82f3d1633bc/folders/6a44c9bd9e38f35bcea847e9/media/6a44c9cb9e38f35bcea847fa/original.mp4,https://media.theeasypost.com/users/6a31cf989801f82f3d1633bc/folders/6a44c9bd9e38f35bcea847e9/media/6a44c9cb9e38f35bcea847fa/original.mp4,2026-07-01T08:03:40.410Z
6a44c9cb9e38f35bcea847f5,013_hook-1_overlay-13_promo.mp4,video,6a3702c2771c89e7e9a29f79,Penguin Couples app,,rajivranjan0013@gmail.com,,users/6a31cf989801f82f3d1633bc/folders/6a44c9bd9e38f35bcea847e9/media/6a44c9cb9e38f35bcea847f5/original.mp4,https://media.theeasypost.com/users/6a31cf989801f82f3d1633bc/folders/6a44c9bd9e38f35bcea847e9/media/6a44c9cb9e38f35bcea847f5/original.mp4,2026-07-01T08:03:38.829Z
6a44c9cb9e38f35bcea847f3,017_hook-5_overlay-17_promo.mp4,video,6a3702c2771c89e7e9a29f79,Penguin Couples app,,rajivranjan0013@gmail.com,,users/6a31cf989801f82f3d1633bc/folders/6a44c9bd9e38f35bcea847e9/media/6a44c9cb9e38f35bcea847f3/original.mp4,https://media.theeasypost.com/users/6a31cf989801f82f3d1633bc/folders/6a44c9bd9e38f35bcea847e9/media/6a44c9cb9e38f35bcea847f3/original.mp4,2026-07-01T08:03:38.306Z
6a44c9cb9e38f35bcea847f7,010_hook-4_overlay-10_promo.mp4,video,6a3702c2771c89e7e9a29f79,Penguin Couples app,,rajivranjan0013@gmail.com,,users/6a31cf989801f82f3d1633bc/folders/6a44c9bd9e38f35bcea847e9/media/6a44c9cb9e38f35bcea847f7/original.mp4,https://media.theeasypost.com/users/6a31cf989801f82f3d1633bc/folders/6a44c9bd9e38f35bcea847e9/media/6a44c9cb9e38f35bcea847f7/original.mp4,2026-07-01T08:03:36.693Z
6a44c9cb9e38f35bcea847f9,020_hook-2_overlay-20_promo.mp4,video,6a3702c2771c89e7e9a29f79,Penguin Couples app,,rajivranjan0013@gmail.com,,users/6a31cf989801f82f3d1633bc/folders/6a44c9bd9e38f35bcea847e9/media/6a44c9cb9e38f35bcea847f9/original.mp4,https://media.theeasypost.com/users/6a31cf989801f82f3d1633bc/folders/6a44c9bd9e38f35bcea847e9/media/6a44c9cb9e38f35bcea847f9/original.mp4,2026-07-01T08:03:36.640Z
6a44c9cb9e38f35bcea847f6,012_hook-6_overlay-12_promo.mp4,video,6a3702c2771c89e7e9a29f79,Penguin Couples app,,rajivranjan0013@gmail.com,,users/6a31cf989801f82f3d1633bc/folders/6a44c9bd9e38f35bcea847e9/media/6a44c9cb9e38f35bcea847f6/original.mp4,https://media.theeasypost.com/users/6a31cf989801f82f3d1633bc/folders/6a44c9bd9e38f35bcea847e9/media/6a44c9cb9e38f35bcea847f6/original.mp4,2026-07-01T08:03:35.858Z
6a44c9cb9e38f35bcea847f4,015_hook-3_overlay-15_promo.mp4,video,6a3702c2771c89e7e9a29f79,Penguin Couples app,,rajivranjan0013@gmail.com,,users/6a31cf989801f82f3d1633bc/folders/6a44c9bd9e38f35bcea847e9/media/6a44c9cb9e38f35bcea847f4/original.mp4,https://media.theeasypost.com/users/6a31cf989801f82f3d1633bc/folders/6a44c9bd9e38f35bcea847e9/media/6a44c9cb9e38f35bcea847f4/original.mp4,2026-07-01T08:03:33.934Z
6a44c9cb9e38f35bcea847f1,014_hook-2_overlay-14_promo.mp4,video,6a3702c2771c89e7e9a29f79,Penguin Couples app,,rajivranjan0013@gmail.com,,users/6a31cf989801f82f3d1633bc/folders/6a44c9bd9e38f35bcea847e9/media/6a44c9cb9e38f35bcea847f1/original.mp4,https://media.theeasypost.com/users/6a31cf989801f82f3d1633bc/folders/6a44c9bd9e38f35bcea847e9/media/6a44c9cb9e38f35bcea847f1/original.mp4,2026-07-01T08:03:32.434Z
6a44c9cb9e38f35bcea847eb,001_hook-1_overlay-1_promo.mp4,video,6a3702c2771c89e7e9a29f79,Penguin Couples app,,rajivranjan0013@gmail.com,,users/6a31cf989801f82f3d1633bc/folders/6a44c9bd9e38f35bcea847e9/media/6a44c9cb9e38f35bcea847eb/original.mp4,https://media.theeasypost.com/users/6a31cf989801f82f3d1633bc/folders/6a44c9bd9e38f35bcea847e9/media/6a44c9cb9e38f35bcea847eb/original.mp4,2026-07-01T08:03:31.023Z
6a44c9cb9e38f35bcea847ec,005_hook-5_overlay-5_promo.mp4,video,6a3702c2771c89e7e9a29f79,Penguin Couples app,,rajivranjan0013@gmail.com,,users/6a31cf989801f82f3d1633bc/folders/6a44c9bd9e38f35bcea847e9/media/6a44c9cb9e38f35bcea847ec/original.mp4,https://media.theeasypost.com/users/6a31cf989801f82f3d1633bc/folders/6a44c9bd9e38f35bcea847e9/media/6a44c9cb9e38f35bcea847ec/original.mp4,2026-07-01T08:03:30.650Z
6a44c9cb9e38f35bcea847ee,006_hook-6_overlay-6_promo.mp4,video,6a3702c2771c89e7e9a29f79,Penguin Couples app,,rajivranjan0013@gmail.com,,users/6a31cf989801f82f3d1633bc/folders/6a44c9bd9e38f35bcea847e9/media/6a44c9cb9e38f35bcea847ee/original.mp4,https://media.theeasypost.com/users/6a31cf989801f82f3d1633bc/folders/6a44c9bd9e38f35bcea847e9/media/6a44c9cb9e38f35bcea847ee/original.mp4,2026-07-01T08:03:30.362Z
6a44c9cb9e38f35bcea847f2,018_hook-6_overlay-18_promo.mp4,video,6a3702c2771c89e7e9a29f79,Penguin Couples app,,rajivranjan0013@gmail.com,,users/6a31cf989801f82f3d1633bc/folders/6a44c9bd9e38f35bcea847e9/media/6a44c9cb9e38f35bcea847f2/original.mp4,https://media.theeasypost.com/users/6a31cf989801f82f3d1633bc/folders/6a44c9bd9e38f35bcea847e9/media/6a44c9cb9e38f35bcea847f2/original.mp4,2026-07-01T08:03:30.186Z
6a44c9cb9e38f35bcea847ef,011_hook-5_overlay-11_promo.mp4,video,6a3702c2771c89e7e9a29f79,Penguin Couples app,,rajivranjan0013@gmail.com,,users/6a31cf989801f82f3d1633bc/folders/6a44c9bd9e38f35bcea847e9/media/6a44c9cb9e38f35bcea847ef/original.mp4,https://media.theeasypost.com/users/6a31cf989801f82f3d1633bc/folders/6a44c9bd9e38f35bcea847e9/media/6a44c9cb9e38f35bcea847ef/original.mp4,2026-07-01T08:03:30.171Z
6a44c9cb9e38f35bcea847f0,007_hook-1_overlay-7_promo.mp4,video,6a3702c2771c89e7e9a29f79,Penguin Couples app,,rajivranjan0013@gmail.com,,users/6a31cf989801f82f3d1633bc/folders/6a44c9bd9e38f35bcea847e9/media/6a44c9cb9e38f35bcea847f0/original.mp4,https://media.theeasypost.com/users/6a31cf989801f82f3d1633bc/folders/6a44c9bd9e38f35bcea847e9/media/6a44c9cb9e38f35bcea847f0/original.mp4,2026-07-01T08:03:28.547Z
6a44c9cb9e38f35bcea847ea,003_hook-3_overlay-3_promo.mp4,video,6a3702c2771c89e7e9a29f79,Penguin Couples app,,rajivranjan0013@gmail.com,,users/6a31cf989801f82f3d1633bc/folders/6a44c9bd9e38f35bcea847e9/media/6a44c9cb9e38f35bcea847ea/original.mp4,https://media.theeasypost.com/users/6a31cf989801f82f3d1633bc/folders/6a44c9bd9e38f35bcea847e9/media/6a44c9cb9e38f35bcea847ea/original.mp4,2026-07-01T08:03:27.335Z
6a43c3d2d83ef763e5db1125,PENGUIN_APP_ICON_SHOW.mp4,video,6a3702c2771c89e7e9a29f79,Penguin Couples app,,rajivranjan0013@gmail.com,,users/6a31cf989801f82f3d1633bc/folders/root/media/6a43c3d2d83ef763e5db1125/original.mp4,https://media.theeasypost.com/users/6a31cf989801f82f3d1633bc/folders/root/media/6a43c3d2d83ef763e5db1125/original.mp4,2026-06-30T13:25:41.924Z
6a43c301d83ef763e5db101e,7.mp4,video,6a3702c2771c89e7e9a29f79,Penguin Couples app,,rajivranjan0013@gmail.com,,users/6a31cf989801f82f3d1633bc/folders/6a43c300d83ef763e5db101a/media/6a43c301d83ef763e5db101e/original.mp4,https://media.theeasypost.com/users/6a31cf989801f82f3d1633bc/folders/6a43c300d83ef763e5db101a/media/6a43c301d83ef763e5db101e/original.mp4,2026-06-30T13:22:32.265Z
6a43c301d83ef763e5db101c,6.mp4,video,6a3702c2771c89e7e9a29f79,Penguin Couples app,,rajivranjan0013@gmail.com,,users/6a31cf989801f82f3d1633bc/folders/6a43c300d83ef763e5db101a/media/6a43c301d83ef763e5db101c/original.mp4,https://media.theeasypost.com/users/6a31cf989801f82f3d1633bc/folders/6a43c300d83ef763e5db101a/media/6a43c301d83ef763e5db101c/original.mp4,2026-06-30T13:22:30.345Z
6a43c301d83ef763e5db101b,3.mp4,video,6a3702c2771c89e7e9a29f79,Penguin Couples app,,rajivranjan0013@gmail.com,,users/6a31cf989801f82f3d1633bc/folders/6a43c300d83ef763e5db101a/media/6a43c301d83ef763e5db101b/original.mp4,https://media.theeasypost.com/users/6a31cf989801f82f3d1633bc/folders/6a43c300d83ef763e5db101a/media/6a43c301d83ef763e5db101b/original.mp4,2026-06-30T13:22:29.486Z
6a43c301d83ef763e5db1021,1.mp4,video,6a3702c2771c89e7e9a29f79,Penguin Couples app,,rajivranjan0013@gmail.com,,users/6a31cf989801f82f3d1633bc/folders/6a43c300d83ef763e5db101a/media/6a43c301d83ef763e5db1021/original.mp4,https://media.theeasypost.com/users/6a31cf989801f82f3d1633bc/folders/6a43c300d83ef763e5db101a/media/6a43c301d83ef763e5db1021/original.mp4,2026-06-30T13:22:26.104Z
6a43c301d83ef763e5db101d,4.mp4,video,6a3702c2771c89e7e9a29f79,Penguin Couples app,,rajivranjan0013@gmail.com,,users/6a31cf989801f82f3d1633bc/folders/6a43c300d83ef763e5db101a/media/6a43c301d83ef763e5db101d/original.mp4,https://media.theeasypost.com/users/6a31cf989801f82f3d1633bc/folders/6a43c300d83ef763e5db101a/media/6a43c301d83ef763e5db101d/original.mp4,2026-06-30T13:22:24.862Z
6a43c301d83ef763e5db101f,5.mp4,video,6a3702c2771c89e7e9a29f79,Penguin Couples app,,rajivranjan0013@gmail.com,,users/6a31cf989801f82f3d1633bc/folders/6a43c300d83ef763e5db101a/media/6a43c301d83ef763e5db101f/original.mp4,https://media.theeasypost.com/users/6a31cf989801f82f3d1633bc/folders/6a43c300d83ef763e5db101a/media/6a43c301d83ef763e5db101f/original.mp4,2026-06-30T13:22:24.842Z
6a43c301d83ef763e5db1020,2.mp4,video,6a3702c2771c89e7e9a29f79,Penguin Couples app,,rajivranjan0013@gmail.com,,users/6a31cf989801f82f3d1633bc/folders/6a43c300d83ef763e5db101a/media/6a43c301d83ef763e5db1020/original.mp4,https://media.theeasypost.com/users/6a31cf989801f82f3d1633bc/folders/6a43c300d83ef763e5db101a/media/6a43c301d83ef763e5db1020/original.mp4,2026-06-30T13:22:21.471Z
